ISO-10303-21;
HEADER;
FILE_DESCRIPTION (( 'STEP AP214' ),
    '1' );
FILE_NAME ('003.STEP',
    '2025-08-24T23:58:25',
    ( '' ),
    ( '' ),
    'SwSTEP 2.0',
    'SolidWorks 2025',
    '' );
FILE_SCHEMA (( 'AUTOMOTIVE_DESIGN' ));
ENDSEC;

DATA;
#1 = VERTEX_POINT ( 'NONE', #348 ) ;
#2 = LINE ( 'NONE', #863, #1127 ) ;
#3 = DIRECTION ( 'NONE',  ( -1.000000000000000000, 0.000000000000000000, 0.000000000000000000 ) ) ;
#4 = CARTESIAN_POINT ( 'NONE',  ( -28.69999999999996732, 5.000000000000365041, -2.000000000000001776 ) ) ;
#5 = VERTEX_POINT ( 'NONE', #1125 ) ;
#6 = EDGE_CURVE ( 'NONE', #763, #804, #1121, .T. ) ;
#7 = FACE_OUTER_BOUND ( 'NONE', #441, .T. ) ;
#8 = AXIS2_PLACEMENT_3D ( 'NONE', #527, #534, #872 ) ;
#9 = VERTEX_POINT ( 'NONE', #670 ) ;
#10 = ORIENTED_EDGE ( 'NONE', *, *, #389, .F. ) ;
#11 = CARTESIAN_POINT ( 'NONE',  ( 19.99999999999998934, 15.50000000000000000, -2.000000000000112799 ) ) ;
#12 = EDGE_CURVE ( 'NONE', #505, #147, #71, .T. ) ;
#13 = DIRECTION ( 'NONE',  ( -1.000000000000000000, -2.938735877055719422E-39, 0.000000000000000000 ) ) ;
#14 = LINE ( 'NONE', #880, #1098 ) ;
#15 = ORIENTED_EDGE ( 'NONE', *, *, #929, .F. ) ;
#16 = ORIENTED_EDGE ( 'NONE', *, *, #1149, .F. ) ;
#17 = DIRECTION ( 'NONE',  ( 0.000000000000000000, 0.000000000000000000, 1.000000000000000000 ) ) ;
#18 = AXIS2_PLACEMENT_3D ( 'NONE', #1391, #223, #960 ) ;
#19 = LINE ( 'NONE', #772, #1030 ) ;
#20 = DIRECTION ( 'NONE',  ( -1.000000000000000000, 0.000000000000000000, 0.000000000000000000 ) ) ;
#21 = ORIENTED_EDGE ( 'NONE', *, *, #924, .F. ) ;
#22 = ORIENTED_EDGE ( 'NONE', *, *, #1324, .T. ) ;
#23 = EDGE_CURVE ( 'NONE', #339, #300, #1050, .T. ) ;
#24 = ORIENTED_EDGE ( 'NONE', *, *, #506, .T. ) ;
#25 = DIRECTION ( 'NONE',  ( 1.000000000000000000, 5.877471754111437540E-39, 0.000000000000000000 ) ) ;
#26 = LINE ( 'NONE', #446, #1025 ) ;
#27 = DIRECTION ( 'NONE',  ( 5.135813136053697657E-31, -1.000000000000000000, 1.096345236817342084E-14 ) ) ;
#28 = DIRECTION ( 'NONE',  ( 1.000000000000000000, 0.000000000000000000, 0.000000000000000000 ) ) ;
#29 = ORIENTED_EDGE ( 'NONE', *, *, #929, .T. ) ;
#30 = ORIENTED_EDGE ( 'NONE', *, *, #786, .F. ) ;
#31 = AXIS2_PLACEMENT_3D ( 'NONE', #737, #495, #1363 ) ;
#32 = ORIENTED_EDGE ( 'NONE', *, *, #1348, .F. ) ;
#33 = CARTESIAN_POINT ( 'NONE',  ( 1.399999999999568034, 1.775737858763669558E-16, 79.00000000000001421 ) ) ;
#34 = CARTESIAN_POINT ( 'NONE',  ( -38.99999999999997868, 16.50000000000045830, -3.500000000000058620 ) ) ;
#35 = ORIENTED_EDGE ( 'NONE', *, *, #556, .F. ) ;
#36 = CARTESIAN_POINT ( 'NONE',  ( -18.99999999999998934, 12.50000000000003908, 2.220446049250313081E-13 ) ) ;
#37 = ORIENTED_EDGE ( 'NONE', *, *, #589, .T. ) ;
#38 =( GEOMETRIC_REPRESENTATION_CONTEXT ( 3 ) GLOBAL_UNCERTAINTY_ASSIGNED_CONTEXT ( ( #809 ) ) GLOBAL_UNIT_ASSIGNED_CONTEXT ( ( #932, #1262, #704 ) ) REPRESENTATION_CONTEXT ( 'NONE', 'WORKASPACE' ) );
#39 = CARTESIAN_POINT ( 'NONE',  ( 39.99999999999997868, -14.99999999999976374, -2.000000000000112799 ) ) ;
#40 = FACE_OUTER_BOUND ( 'NONE', #684, .T. ) ;
#41 = EDGE_LOOP ( 'NONE', ( #728, #650 ) ) ;
#42 = VECTOR ( 'NONE', #1253, 1000.000000000000000 ) ;
#43 = CARTESIAN_POINT ( 'NONE',  ( -29.50000000000000000, 15.00000000000006928, -3.500000000000169642 ) ) ;
#44 = EDGE_LOOP ( 'NONE', ( #428, #612 ) ) ;
#45 = LINE ( 'NONE', #571, #1364 ) ;
#46 = VECTOR ( 'NONE', #1260, 1000.000000000000227 ) ;
#47 = CARTESIAN_POINT ( 'NONE',  ( -2.499999999999993783, -9.999999999999994671, -1.800000000000023803 ) ) ;
#48 = ORIENTED_EDGE ( 'NONE', *, *, #148, .F. ) ;
#49 = EDGE_CURVE ( 'NONE', #82, #817, #131, .T. ) ;
#50 = FACE_OUTER_BOUND ( 'NONE', #367, .T. ) ;
#51 = ORIENTED_EDGE ( 'NONE', *, *, #1040, .F. ) ;
#52 = AXIS2_PLACEMENT_3D ( 'NONE', #66, #368, #1229 ) ;
#53 = DIRECTION ( 'NONE',  ( 0.000000000000000000, 0.000000000000000000, -1.000000000000000000 ) ) ;
#54 = UNCERTAINTY_MEASURE_WITH_UNIT (LENGTH_MEASURE( 1.000000000000000082E-05 ), #1279, 'distance_accuracy_value', 'NONE');
#55 = CARTESIAN_POINT ( 'NONE',  ( 19.99999999999998934, 12.50000000000051159, 0.0009999999999177333621 ) ) ;
#56 = ORIENTED_EDGE ( 'NONE', *, *, #1141, .T. ) ;
#57 = DIRECTION ( 'NONE',  ( 0.000000000000000000, 0.000000000000000000, -1.000000000000000000 ) ) ;
#58 =( NAMED_UNIT ( * ) PLANE_ANGLE_UNIT ( ) SI_UNIT ( $, .RADIAN. ) );
#59 = AXIS2_PLACEMENT_3D ( 'NONE', #1354, #167, #833 ) ;
#60 = LINE ( 'NONE', #491, #473 ) ;
#61 = DIRECTION ( 'NONE',  ( 1.000000000000000000, 2.938735877055719422E-39, 0.000000000000000000 ) ) ;
#62 = CONICAL_SURFACE ( 'NONE', #948, 2.499999999999995115, 0.7853981633974504994 ) ;
#63 = AXIS2_PLACEMENT_3D ( 'NONE', #1106, #1027, #159 ) ;
#64 = CARTESIAN_POINT ( 'NONE',  ( -40.00000000000000711, 12.74670786120513100, -2.000000000000001776 ) ) ;
#65 = EDGE_CURVE ( 'NONE', #314, #892, #1146, .T. ) ;
#66 = CARTESIAN_POINT ( 'NONE',  ( 0.000000000000000000, 0.000000000000000000, 0.000000000000000000 ) ) ;
#67 =( NAMED_UNIT ( * ) PLANE_ANGLE_UNIT ( ) SI_UNIT ( $, .RADIAN. ) );
#68 = ORIENTED_EDGE ( 'NONE', *, *, #1291, .F. ) ;
#69 = DIRECTION ( 'NONE',  ( 0.000000000000000000, 0.000000000000000000, -1.000000000000000000 ) ) ;
#70 = EDGE_CURVE ( 'NONE', #324, #82, #956, .T. ) ;
#71 = CIRCLE ( 'NONE', #500, 3.500000000000000000 ) ;
#72 = PLANE ( 'NONE',  #142 ) ;
#73 = CARTESIAN_POINT ( 'NONE',  ( 19.99999999999998934, 15.50000000000000000, -2.000000000000112799 ) ) ;
#74 = CARTESIAN_POINT ( 'NONE',  ( 0.000000000000000000, 0.000000000000000000, 0.000000000000000000 ) ) ;
#75 = ORIENTED_EDGE ( 'NONE', *, *, #1149, .T. ) ;
#76 = CARTESIAN_POINT ( 'NONE',  ( 19.99999999999998934, 16.50000000000004263, -2.000000000000112799 ) ) ;
#77 = ORIENTED_EDGE ( 'NONE', *, *, #712, .F. ) ;
#78 = CARTESIAN_POINT ( 'NONE',  ( 28.49999999999998934, 5.000000000000365041, -1.800000000000023803 ) ) ;
#79 =( REPRESENTATION_RELATIONSHIP ('NONE','NONE', #918, #1067 ) REPRESENTATION_RELATIONSHIP_WITH_TRANSFORMATION ( #849 )SHAPE_REPRESENTATION_RELATIONSHIP( ) );
#80 = DIRECTION ( 'NONE',  ( 1.000000000000000000, 2.938735877055719422E-39, 0.000000000000000000 ) ) ;
#81 =( LENGTH_UNIT ( ) NAMED_UNIT ( * ) SI_UNIT ( .MILLI., .METRE. ) );
#82 = VERTEX_POINT ( 'NONE', #1224 ) ;
#83 = CIRCLE ( 'NONE', #411, 1.500000000000000222 ) ;
#84 = DIRECTION ( 'NONE',  ( -1.000000000000000000, -5.877471754111437540E-39, 0.000000000000000000 ) ) ;
#85 = DIRECTION ( 'NONE',  ( 0.000000000000000000, 0.000000000000000000, -1.000000000000000000 ) ) ;
#86 = APPLICATION_PROTOCOL_DEFINITION ( 'draft international standard', 'automotive_design', 1998, #921 ) ;
#87 = VERTEX_POINT ( 'NONE', #679 ) ;
#88 = CARTESIAN_POINT ( 'NONE',  ( -19.99999999999998934, 16.50000000000045830, -3.500000000000058620 ) ) ;
#89 = EDGE_CURVE ( 'NONE', #759, #1154, #797, .T. ) ;
#90 = EDGE_CURVE ( 'NONE', #359, #147, #1002, .T. ) ;
#91 = DIRECTION ( 'NONE',  ( 0.000000000000000000, 0.000000000000000000, 1.000000000000000000 ) ) ;
#92 = DIRECTION ( 'NONE',  ( 0.000000000000000000, 0.000000000000000000, -1.000000000000000000 ) ) ;
#93 = DIRECTION ( 'NONE',  ( 0.000000000000000000, 0.000000000000000000, -1.000000000000000000 ) ) ;
#94 = CIRCLE ( 'NONE', #1029, 3.499999999999995115 ) ;
#95 = DIRECTION ( 'NONE',  ( -1.000000000000000000, -5.877471754111437540E-39, 0.000000000000000000 ) ) ;
#96 = APPLICATION_PROTOCOL_DEFINITION ( 'draft international standard', 'automotive_design', 1998, #904 ) ;
#97 = LINE ( 'NONE', #1194, #238 ) ;
#98 = SURFACE_STYLE_FILL_AREA ( #1083 ) ;
#99 = DIRECTION ( 'NONE',  ( 0.000000000000000000, 0.000000000000000000, -1.000000000000000000 ) ) ;
#100 = CARTESIAN_POINT ( 'NONE',  ( 0.000000000000000000, 0.000000000000000000, 1.000000000000000888 ) ) ;
#101 = VECTOR ( 'NONE', #281, 1000.000000000000000 ) ;
#102 = ADVANCED_FACE ( 'NONE', ( #1102 ), #580, .T. ) ;
#103 = VECTOR ( 'NONE', #350, 1000.000000000000000 ) ;
#104 = ORIENTED_EDGE ( 'NONE', *, *, #764, .F. ) ;
#105 = DIRECTION ( 'NONE',  ( 2.938735877055718117E-39, -1.000000000000000000, 0.000000000000000000 ) ) ;
#106 =( NAMED_UNIT ( * ) SI_UNIT ( $, .STERADIAN. ) SOLID_ANGLE_UNIT ( ) );
#107 = ORIENTED_EDGE ( 'NONE', *, *, #1035, .T. ) ;
#108 = LINE ( 'NONE', #1212, #1387 ) ;
#109 = ADVANCED_FACE ( 'NONE', ( #685 ), #912, .T. ) ;
#110 = EDGE_LOOP ( 'NONE', ( #29, #361, #24, #1263 ) ) ;
#111 = EDGE_LOOP ( 'NONE', ( #723, #1215, #271, #1249, #35, #452, #295, #1064, #1104, #15, #882, #290, #655, #385 ) ) ;
#112 = CARTESIAN_POINT ( 'NONE',  ( 1.000000000000014655, 16.50000000000004263, -2.000000000000112799 ) ) ;
#113 = CARTESIAN_POINT ( 'NONE',  ( 0.000000000000000000, 0.000000000000000000, 0.000000000000000000 ) ) ;
#114 = VERTEX_POINT ( 'NONE', #261 ) ;
#115 = FACE_OUTER_BOUND ( 'NONE', #220, .T. ) ;
#116 = AXIS2_PLACEMENT_3D ( 'NONE', #717, #181, #710 ) ;
#117 = VECTOR ( 'NONE', #1394, 1000.000000000000000 ) ;
#118 = ORIENTED_EDGE ( 'NONE', *, *, #786, .T. ) ;
#119 = CARTESIAN_POINT ( 'NONE',  ( 19.99999999999998934, 0.000000000000000000, 0.000000000000000000 ) ) ;
#120 = EDGE_CURVE ( 'NONE', #317, #341, #587, .T. ) ;
#121 = DIRECTION ( 'NONE',  ( -1.000000000000000000, 0.000000000000000000, 0.000000000000000000 ) ) ;
#122 = CARTESIAN_POINT ( 'NONE',  ( 25.99999999999999645, 5.000000000000365041, -1.800000000000023803 ) ) ;
#123 = ORIENTED_EDGE ( 'NONE', *, *, #910, .T. ) ;
#124 = ORIENTED_EDGE ( 'NONE', *, *, #1012, .T. ) ;
#125 = CARTESIAN_POINT ( 'NONE',  ( 25.99999999999999645, 5.000000000000254019, 2.220446049250313081E-13 ) ) ;
#126 = EDGE_CURVE ( 'NONE', #844, #254, #60, .T. ) ;
#127 = CARTESIAN_POINT ( 'NONE',  ( -40.00000000000000711, 20.00000000000017053, 2.220446049250313081E-13 ) ) ;
#128 = CIRCLE ( 'NONE', #1111, 3.500000000000000000 ) ;
#129 = CARTESIAN_POINT ( 'NONE',  ( -3.500000000000000000, 0.000000000000000000, 0.000000000000000000 ) ) ;
#130 = FACE_OUTER_BOUND ( 'NONE', #390, .T. ) ;
#131 = LINE ( 'NONE', #782, #420 ) ;
#132 = EDGE_CURVE ( 'NONE', #254, #1277, #1108, .T. ) ;
#133 = ORIENTED_EDGE ( 'NONE', *, *, #1091, .T. ) ;
#134 = VERTEX_POINT ( 'NONE', #780 ) ;
#135 = PRODUCT_DEFINITION_SHAPE ( 'NONE', 'NONE',  #1401 ) ;
#136 = ORIENTED_EDGE ( 'NONE', *, *, #1014, .T. ) ;
#137 = CARTESIAN_POINT ( 'NONE',  ( 0.000000000000000000, -9.999999999999994671, -1.800000000000023803 ) ) ;
#138 = CARTESIAN_POINT ( 'NONE',  ( 20.99999999999998934, 12.50000000000023270, -2.000000000000001776 ) ) ;
#139 = AXIS2_PLACEMENT_3D ( 'NONE', #608, #1178, #923 ) ;
#140 = CARTESIAN_POINT ( 'NONE',  ( 28.49999999999998934, 5.000000000000060396, 2.220446049250313081E-13 ) ) ;
#141 = ORIENTED_EDGE ( 'NONE', *, *, #151, .F. ) ;
#142 = AXIS2_PLACEMENT_3D ( 'NONE', #298, #624, #1042 ) ;
#143 = DIRECTION ( 'NONE',  ( 1.000000000000000000, -9.130123557772685590E-17, -4.622231866529366047E-33 ) ) ;
#144 = DIRECTION ( 'NONE',  ( 5.135813106666338011E-31, 0.000000000000000000, 1.000000000000000000 ) ) ;
#145 = DIRECTION ( 'NONE',  ( 1.000000000000000000, 2.938735877055719422E-39, 0.000000000000000000 ) ) ;
#146 = DIRECTION ( 'NONE',  ( 0.000000000000000000, 0.000000000000000000, -1.000000000000000000 ) ) ;
#147 = VERTEX_POINT ( 'NONE', #129 ) ;
#148 = EDGE_CURVE ( 'NONE', #346, #893, #843, .T. ) ;
#149 = VECTOR ( 'NONE', #455, 1000.000000000000000 ) ;
#150 = CYLINDRICAL_SURFACE ( 'NONE', #565, 2.499999999999993783 ) ;
#151 = EDGE_CURVE ( 'NONE', #1154, #519, #26, .T. ) ;
#152 = CARTESIAN_POINT ( 'NONE',  ( 3.500000000000000000, 4.286263797015736595E-16, 1.000000000000000888 ) ) ;
#153 = ORIENTED_EDGE ( 'NONE', *, *, #739, .T. ) ;
#154 = AXIS2_PLACEMENT_3D ( 'NONE', #1198, #669, #1031 ) ;
#155 = CARTESIAN_POINT ( 'NONE',  ( -40.00000000000000711, 12.74670786120513100, -2.000000000000001776 ) ) ;
#156 = VERTEX_POINT ( 'NONE', #517 ) ;
#157 = EDGE_CURVE ( 'NONE', #300, #339, #593, .T. ) ;
#158 = DIRECTION ( 'NONE',  ( 0.000000000000000000, 0.000000000000000000, -1.000000000000000000 ) ) ;
#159 = DIRECTION ( 'NONE',  ( -1.000000000000000000, 0.000000000000000000, 0.000000000000000000 ) ) ;
#160 = EDGE_LOOP ( 'NONE', ( #866, #1174, #1207, #104 ) ) ;
#161 = CARTESIAN_POINT ( 'NONE',  ( -4.440892098500626162E-13, 0.000000000000000000, 79.00000000000001421 ) ) ;
#162 = CARTESIAN_POINT ( 'NONE',  ( 0.000000000000000000, 0.000000000000000000, 1.000000000000000888 ) ) ;
#163 = ORIENTED_EDGE ( 'NONE', *, *, #1284, .T. ) ;
#164 = CIRCLE ( 'NONE', #139, 2.699999999999980194 ) ;
#165 = AXIS2_PLACEMENT_3D ( 'NONE', #396, #931, #1275 ) ;
#166 = DIRECTION ( 'NONE',  ( 0.000000000000000000, 0.000000000000000000, -1.000000000000000000 ) ) ;
#167 = DIRECTION ( 'NONE',  ( 0.000000000000000000, 0.000000000000000000, 1.000000000000000000 ) ) ;
#168 = ORIENTED_EDGE ( 'NONE', *, *, #430, .F. ) ;
#169 = UNCERTAINTY_MEASURE_WITH_UNIT (LENGTH_MEASURE( 1.000000000000000082E-05 ), #711, 'distance_accuracy_value', 'NONE');
#170 = DIRECTION ( 'NONE',  ( 0.000000000000000000, 0.000000000000000000, 1.000000000000000000 ) ) ;
#171 = EDGE_CURVE ( 'NONE', #341, #898, #94, .T. ) ;
#172 = CARTESIAN_POINT ( 'NONE',  ( 1.000000000000014655, 16.50000000000048672, -3.500000000000058620 ) ) ;
#173 = CARTESIAN_POINT ( 'NONE',  ( -1.500000000000000222, 0.000000000000000000, 1.000000000000000888 ) ) ;
#174 = ORIENTED_EDGE ( 'NONE', *, *, #120, .T. ) ;
#175 =( GEOMETRIC_REPRESENTATION_CONTEXT ( 3 ) GLOBAL_UNCERTAINTY_ASSIGNED_CONTEXT ( ( #372 ) ) GLOBAL_UNIT_ASSIGNED_CONTEXT ( ( #81, #58, #1173 ) ) REPRESENTATION_CONTEXT ( 'NONE', 'WORKASPACE' ) );
#176 = VECTOR ( 'NONE', #291, 1000.000000000000227 ) ;
#177 = DIRECTION ( 'NONE',  ( 1.000000000000000000, 0.000000000000000000, 0.000000000000000000 ) ) ;
#178 = VECTOR ( 'NONE', #851, 1000.000000000000000 ) ;
#179 = ADVANCED_FACE ( 'NONE', ( #1166 ), #403, .F. ) ;
#180 = CARTESIAN_POINT ( 'NONE',  ( 25.99999999999999645, 5.000000000000365041, -1.800000000000023803 ) ) ;
#181 = DIRECTION ( 'NONE',  ( -0.000000000000000000, -0.000000000000000000, 1.000000000000000000 ) ) ;
#182 = ORIENTED_EDGE ( 'NONE', *, *, #521, .T. ) ;
#183 = DIRECTION ( 'NONE',  ( 0.000000000000000000, 0.000000000000000000, -1.000000000000000000 ) ) ;
#184 = AXIS2_PLACEMENT_3D ( 'NONE', #161, #474, #269 ) ;
#185 = LINE ( 'NONE', #284, #46 ) ;
#186 = FACE_BOUND ( 'NONE', #543, .T. ) ;
#187 = EDGE_LOOP ( 'NONE', ( #1361, #815, #645, #939 ) ) ;
#188 = EDGE_CURVE ( 'NONE', #114, #1277, #496, .T. ) ;
#189 = CIRCLE ( 'NONE', #864, 2.499999999999993783 ) ;
#190 = CARTESIAN_POINT ( 'NONE',  ( -4.440892098500626162E-13, 0.000000000000000000, 78.90000000000001990 ) ) ;
#191 = ADVANCED_FACE ( 'NONE', ( #384 ), #1159, .T. ) ;
#192 = DIRECTION ( 'NONE',  ( 0.000000000000000000, 2.312964634635751339E-15, -1.000000000000000000 ) ) ;
#193 = DIRECTION ( 'NONE',  ( -2.938735877055718117E-39, 1.000000000000000000, 0.000000000000000000 ) ) ;
#194 = EDGE_LOOP ( 'NONE', ( #547, #1366 ) ) ;
#195 = EDGE_CURVE ( 'NONE', #898, #862, #732, .T. ) ;
#196 = DIRECTION ( 'NONE',  ( 1.000000000000000000, 2.938735877055719422E-39, 0.000000000000000000 ) ) ;
#197 = APPLICATION_CONTEXT ( 'automotive_design' ) ;
#198 = AXIS2_PLACEMENT_3D ( 'NONE', #1136, #700, #458 ) ;
#199 = AXIS2_PLACEMENT_3D ( 'NONE', #1244, #1325, #1340 ) ;
#200 = DIRECTION ( 'NONE',  ( -1.000000000000000000, 0.000000000000000000, 0.000000000000000000 ) ) ;
#201 = FACE_BOUND ( 'NONE', #827, .T. ) ;
#202 = LINE ( 'NONE', #76, #856 ) ;
#203 = CARTESIAN_POINT ( 'NONE',  ( -35.00000000000000000, -14.99999999999976374, -2.000000000000112799 ) ) ;
#204 = EDGE_CURVE ( 'NONE', #862, #1380, #338, .T. ) ;
#205 = DIRECTION ( 'NONE',  ( -1.000000000000000000, -1.137207612029248649E-13, 0.000000000000000000 ) ) ;
#206 = AXIS2_PLACEMENT_3D ( 'NONE', #325, #638, #91 ) ;
#207 = EDGE_CURVE ( 'NONE', #114, #1084, #504, .T. ) ;
#208 = CARTESIAN_POINT ( 'NONE',  ( -38.99999999999997868, 16.50000000000001421, -2.000000000000112799 ) ) ;
#209 = DIRECTION ( 'NONE',  ( 0.000000000000000000, 0.000000000000000000, 1.000000000000000000 ) ) ;
#210 = CARTESIAN_POINT ( 'NONE',  ( -40.00000000000000711, 12.74670786120488053, 2.220446049250313081E-13 ) ) ;
#211 = ORIENTED_EDGE ( 'NONE', *, *, #89, .F. ) ;
#212 = EDGE_CURVE ( 'NONE', #1034, #519, #1281, .T. ) ;
#213 = DIRECTION ( 'NONE',  ( 0.000000000000000000, 0.000000000000000000, -1.000000000000000000 ) ) ;
#214 = ORIENTED_EDGE ( 'NONE', *, *, #157, .F. ) ;
#215 = FACE_OUTER_BOUND ( 'NONE', #563, .T. ) ;
#216 = AXIS2_PLACEMENT_3D ( 'NONE', #714, #1381, #507 ) ;
#217 = FACE_OUTER_BOUND ( 'NONE', #41, .T. ) ;
#218 = VERTEX_POINT ( 'NONE', #1044 ) ;
#219 = CYLINDRICAL_SURFACE ( 'NONE', #315, 2.499999999999993783 ) ;
#220 = EDGE_LOOP ( 'NONE', ( #153, #1280, #1206, #1302 ) ) ;
#221 = VERTEX_POINT ( 'NONE', #620 ) ;
#222 = ADVANCED_FACE ( 'NONE', ( #839 ), #274, .T. ) ;
#223 = DIRECTION ( 'NONE',  ( 0.000000000000000000, 0.000000000000000000, -1.000000000000000000 ) ) ;
#224 = FACE_BOUND ( 'NONE', #194, .T. ) ;
#225 = VECTOR ( 'NONE', #316, 1000.000000000000000 ) ;
#226 = ORIENTED_EDGE ( 'NONE', *, *, #229, .T. ) ;
#227 = EDGE_LOOP ( 'NONE', ( #701, #481, #1003, #374 ) ) ;
#228 = LINE ( 'NONE', #1134, #1043 ) ;
#229 = EDGE_CURVE ( 'NONE', #916, #9, #913, .T. ) ;
#230 = DIRECTION ( 'NONE',  ( 1.000000000000000000, 0.000000000000000000, 0.000000000000000000 ) ) ;
#231 = LINE ( 'NONE', #1077, #1055 ) ;
#232 = DIRECTION ( 'NONE',  ( -1.000000000000000000, 0.000000000000000000, 0.000000000000000000 ) ) ;
#233 = ORIENTED_EDGE ( 'NONE', *, *, #132, .F. ) ;
#234 = VERTEX_POINT ( 'NONE', #173 ) ;
#235 = COLOUR_RGB ( '',0.7921568627450980005, 0.8196078431372548767, 0.9333333333333333481 ) ;
#236 = CARTESIAN_POINT ( 'NONE',  ( 40.00000000000000711, 12.50000000000048317, 0.0009999999999177333621 ) ) ;
#237 = DIRECTION ( 'NONE',  ( 0.000000000000000000, 0.000000000000000000, 1.000000000000000000 ) ) ;
#238 = VECTOR ( 'NONE', #92, 1000.000000000000000 ) ;
#239 = CARTESIAN_POINT ( 'NONE',  ( 28.49999999999998934, 5.000000000000060396, -1.800000000000023803 ) ) ;
#240 = CARTESIAN_POINT ( 'NONE',  ( 0.000000000000000000, 0.000000000000000000, 0.000000000000000000 ) ) ;
#241 = VERTEX_POINT ( 'NONE', #1269 ) ;
#242 = ORIENTED_EDGE ( 'NONE', *, *, #802, .F. ) ;
#243 = ADVANCED_FACE ( 'NONE', ( #511, #1172, #186, #1378 ), #602, .F. ) ;
#244 = DIRECTION ( 'NONE',  ( -1.000000000000000000, 0.000000000000000000, 0.000000000000000000 ) ) ;
#245 = DIRECTION ( 'NONE',  ( 0.000000000000000000, 2.312964634635746211E-15, -1.000000000000000000 ) ) ;
#246 = VERTEX_POINT ( 'NONE', #1333 ) ;
#247 = ADVANCED_FACE ( 'NONE', ( #470 ), #909, .F. ) ;
#248 = DIRECTION ( 'NONE',  ( 0.000000000000000000, 0.000000000000000000, -1.000000000000000000 ) ) ;
#249 = VERTEX_POINT ( 'NONE', #1126 ) ;
#250 = AXIS2_PLACEMENT_3D ( 'NONE', #1328, #781, #531 ) ;
#251 = EDGE_CURVE ( 'NONE', #234, #691, #477, .T. ) ;
#252 = DIRECTION ( 'NONE',  ( -9.130123557772685590E-17, -1.000000000000000000, 1.367361755389411020E-63 ) ) ;
#253 = PLANE ( 'NONE',  #1085 ) ;
#254 = VERTEX_POINT ( 'NONE', #682 ) ;
#255 = ADVANCED_FACE ( 'NONE', ( #696 ), #150, .F. ) ;
#256 = CARTESIAN_POINT ( 'NONE',  ( 39.99999999999997868, -19.99999999999958789, -2.000000000000001776 ) ) ;
#257 = ORIENTED_EDGE ( 'NONE', *, *, #132, .T. ) ;
#258 = DIRECTION ( 'NONE',  ( 1.000000000000000000, 0.000000000000000000, 0.000000000000000000 ) ) ;
#259 = CARTESIAN_POINT ( 'NONE',  ( -25.99999999999999645, 5.000000000000060396, -2.000000000000001776 ) ) ;
#260 = ORIENTED_EDGE ( 'NONE', *, *, #126, .T. ) ;
#261 = CARTESIAN_POINT ( 'NONE',  ( -39.00000000000000711, 12.74670786120488053, 2.220446049250313081E-13 ) ) ;
#262 = VECTOR ( 'NONE', #606, 1000.000000000000000 ) ;
#263 = PRODUCT_DEFINITION_CONTEXT ( 'detailed design', #613, 'design' ) ;
#264 = DIRECTION ( 'NONE',  ( 0.000000000000000000, 0.000000000000000000, -1.000000000000000000 ) ) ;
#265 = ORIENTED_EDGE ( 'NONE', *, *, #712, .T. ) ;
#266 = DIRECTION ( 'NONE',  ( -1.000000000000000000, 0.000000000000000000, 0.000000000000000000 ) ) ;
#267 = ORIENTED_EDGE ( 'NONE', *, *, #657, .T. ) ;
#268 = EDGE_CURVE ( 'NONE', #134, #1380, #1345, .T. ) ;
#269 = DIRECTION ( 'NONE',  ( 1.000000000000000000, 0.000000000000000000, 0.000000000000000000 ) ) ;
#270 = DIRECTION ( 'NONE',  ( -1.000000000000000000, -2.938735877055719422E-39, -0.000000000000000000 ) ) ;
#271 = ORIENTED_EDGE ( 'NONE', *, *, #1145, .F. ) ;
#272 = CARTESIAN_POINT ( 'NONE',  ( 39.99999999999997868, -19.99999999999958789, -2.000000000000001776 ) ) ;
#273 = ADVANCED_FACE ( 'NONE', ( #576 ), #1139, .F. ) ;
#274 = PLANE ( 'NONE',  #1208 ) ;
#275 = DIRECTION ( 'NONE',  ( 1.000000000000000000, 0.000000000000000000, -3.491481338843133355E-15 ) ) ;
#276 = ORIENTED_EDGE ( 'NONE', *, *, #1145, .T. ) ;
#277 = FACE_OUTER_BOUND ( 'NONE', #227, .T. ) ;
#278 = CARTESIAN_POINT ( 'NONE',  ( -38.99999999999997868, 15.00000000000006928, -3.500000000000169642 ) ) ;
#279 = DIRECTION ( 'NONE',  ( -1.000000000000000000, -2.938735877055719422E-39, -0.000000000000000000 ) ) ;
#280 = ORIENTED_EDGE ( 'NONE', *, *, #6, .F. ) ;
#281 = DIRECTION ( 'NONE',  ( -1.000000000000000000, -2.938735877055719422E-39, -0.000000000000000000 ) ) ;
#282 = ORIENTED_EDGE ( 'NONE', *, *, #1035, .F. ) ;
#283 = AXIS2_PLACEMENT_3D ( 'NONE', #431, #855, #328 ) ;
#284 = CARTESIAN_POINT ( 'NONE',  ( 23.50000000000000000, 5.000000000000365041, -1.800000000000023803 ) ) ;
#285 = DIRECTION ( 'NONE',  ( 0.000000000000000000, 0.000000000000000000, -1.000000000000000000 ) ) ;
#286 = CARTESIAN_POINT ( 'NONE',  ( 0.000000000000000000, 0.000000000000000000, 0.000000000000000000 ) ) ;
#287 = ORIENTED_EDGE ( 'NONE', *, *, #434, .F. ) ;
#288 = PRODUCT ( '0002', '0002', '', ( #854 ) ) ;
#289 = PRESENTATION_STYLE_ASSIGNMENT (( #391 ) ) ;
#290 = ORIENTED_EDGE ( 'NONE', *, *, #1309, .F. ) ;
#291 = DIRECTION ( 'NONE',  ( 0.7071067811865490160, 8.659560562354952580E-17, -0.7071067811865460184 ) ) ;
#292 = VECTOR ( 'NONE', #676, 1000.000000000000000 ) ;
#293 = EDGE_CURVE ( 'NONE', #300, #1154, #45, .T. ) ;
#294 = CARTESIAN_POINT ( 'NONE',  ( 1.000000000000028644, 16.50000000000048672, -3.500000000000058620 ) ) ;
#295 = ORIENTED_EDGE ( 'NONE', *, *, #310, .F. ) ;
#296 = DIRECTION ( 'NONE',  ( -0.000000000000000000, -0.000000000000000000, -1.000000000000000000 ) ) ;
#297 = ORIENTED_EDGE ( 'NONE', *, *, #1222, .F. ) ;
#298 = CARTESIAN_POINT ( 'NONE',  ( 19.99999999999998934, 16.50000000000048672, -3.500000000000058620 ) ) ;
#299 = CONTEXT_DEPENDENT_SHAPE_REPRESENTATION ( #79, #818 ) ;
#300 = VERTEX_POINT ( 'NONE', #363 ) ;
#301 = PLANE ( 'NONE',  #1397 ) ;
#302 = CARTESIAN_POINT ( 'NONE',  ( -28.49999999999998934, 5.000000000000365041, -1.800000000000023803 ) ) ;
#303 = AXIS2_PLACEMENT_3D ( 'NONE', #190, #296, #828 ) ;
#304 = AXIS2_PLACEMENT_3D ( 'NONE', #584, #1140, #1000 ) ;
#305 = LINE ( 'NONE', #413, #117 ) ;
#306 = EDGE_CURVE ( 'NONE', #687, #768, #1011, .T. ) ;
#307 = DIRECTION ( 'NONE',  ( 1.734723475976806601E-16, -1.000000000000000000, 0.000000000000000000 ) ) ;
#308 = EDGE_CURVE ( 'NONE', #817, #1113, #1360, .T. ) ;
#309 = FACE_BOUND ( 'NONE', #811, .T. ) ;
#310 = EDGE_CURVE ( 'NONE', #768, #844, #453, .T. ) ;
#311 = VECTOR ( 'NONE', #144, 1000.000000000000000 ) ;
#312 = CARTESIAN_POINT ( 'NONE',  ( 39.99999999999997868, 20.00000000000044764, -2.000000000000112799 ) ) ;
#313 = LINE ( 'NONE', #1075, #1356 ) ;
#314 = VERTEX_POINT ( 'NONE', #596 ) ;
#315 = AXIS2_PLACEMENT_3D ( 'NONE', #1101, #213, #121 ) ;
#316 = DIRECTION ( 'NONE',  ( -0.000000000000000000, -0.000000000000000000, -1.000000000000000000 ) ) ;
#317 = VERTEX_POINT ( 'NONE', #480 ) ;
#318 = VERTEX_POINT ( 'NONE', #39 ) ;
#319 = FACE_OUTER_BOUND ( 'NONE', #680, .T. ) ;
#320 = EDGE_LOOP ( 'NONE', ( #616, #1103 ) ) ;
#321 = LINE ( 'NONE', #741, #925 ) ;
#322 = ORIENTED_EDGE ( 'NONE', *, *, #212, .T. ) ;
#323 = DIRECTION ( 'NONE',  ( -1.000000000000000000, -2.938735877055719422E-39, -0.000000000000000000 ) ) ;
#324 = VERTEX_POINT ( 'NONE', #799 ) ;
#325 = CARTESIAN_POINT ( 'NONE',  ( -19.99999999999998934, 16.50000000000045830, -3.500000000000058620 ) ) ;
#326 = ADVANCED_FACE ( 'NONE', ( #463 ), #1051, .F. ) ;
#327 = VECTOR ( 'NONE', #600, 1000.000000000000000 ) ;
#328 = DIRECTION ( 'NONE',  ( -1.000000000000000000, 0.000000000000000000, 0.000000000000000000 ) ) ;
#329 = DIRECTION ( 'NONE',  ( -1.000000000000000000, 0.000000000000000000, 0.000000000000000000 ) ) ;
#330 = CIRCLE ( 'NONE', #771, 5.000000000000000888 ) ;
#331 = ORIENTED_EDGE ( 'NONE', *, *, #637, .T. ) ;
#332 = ORIENTED_EDGE ( 'NONE', *, *, #652, .F. ) ;
#333 = EDGE_CURVE ( 'NONE', #346, #221, #917, .T. ) ;
#334 = DIRECTION ( 'NONE',  ( 0.000000000000000000, 0.000000000000000000, -1.000000000000000000 ) ) ;
#335 = DIRECTION ( 'NONE',  ( 5.135813106666338011E-31, 0.000000000000000000, 1.000000000000000000 ) ) ;
#336 = DIRECTION ( 'NONE',  ( -1.000000000000000000, 0.000000000000000000, 0.000000000000000000 ) ) ;
#337 = DIRECTION ( 'NONE',  ( -1.000000000000000000, 0.000000000000000000, 0.000000000000000000 ) ) ;
#338 = CIRCLE ( 'NONE', #1148, 3.499999999999995115 ) ;
#339 = VERTEX_POINT ( 'NONE', #1219 ) ;
#340 = EDGE_LOOP ( 'NONE', ( #276, #1332, #32, #498 ) ) ;
#341 = VERTEX_POINT ( 'NONE', #1251 ) ;
#342 = CARTESIAN_POINT ( 'NONE',  ( -19.99999999999998934, 15.50000000000000000, -2.000000000000112799 ) ) ;
#343 = DIRECTION ( 'NONE',  ( 2.938735877055718117E-39, -1.000000000000000000, 0.000000000000000000 ) ) ;
#344 = DIRECTION ( 'NONE',  ( -2.938735877055718117E-39, 1.000000000000000000, 0.000000000000000000 ) ) ;
#345 = ORIENTED_EDGE ( 'NONE', *, *, #962, .F. ) ;
#346 = VERTEX_POINT ( 'NONE', #33 ) ;
#347 = PRODUCT_DEFINITION_FORMATION_WITH_SPECIFIED_SOURCE ( 'ANY', '', #726, .NOT_KNOWN. ) ;
#348 = CARTESIAN_POINT ( 'NONE',  ( -38.99999999999997868, 16.50000000000001421, -2.000000000000112799 ) ) ;
#349 = DIRECTION ( 'NONE',  ( -1.000000000000000000, 0.000000000000000000, 0.000000000000000000 ) ) ;
#350 = DIRECTION ( 'NONE',  ( -4.625929269271492422E-15, 0.000000000000000000, 1.000000000000000000 ) ) ;
#351 = ORIENTED_EDGE ( 'NONE', *, *, #70, .T. ) ;
#352 = AXIS2_PLACEMENT_3D ( 'NONE', #1293, #753, #1081 ) ;
#353 = EDGE_CURVE ( 'NONE', #339, #759, #703, .T. ) ;
#354 = CARTESIAN_POINT ( 'NONE',  ( -19.99999999999998934, 16.50000000000001421, -2.000000000000112799 ) ) ;
#355 = EDGE_LOOP ( 'NONE', ( #649, #75, #1131, #37 ) ) ;
#356 = PLANE ( 'NONE',  #749 ) ;
#357 = EDGE_CURVE ( 'NONE', #400, #768, #376, .T. ) ;
#358 = DIRECTION ( 'NONE',  ( 1.000000000000000000, -9.130123557772685590E-17, -4.622231866529366047E-33 ) ) ;
#359 = VERTEX_POINT ( 'NONE', #1339 ) ;
#360 = LINE ( 'NONE', #906, #1395 ) ;
#361 = ORIENTED_EDGE ( 'NONE', *, *, #484, .T. ) ;
#362 = VECTOR ( 'NONE', #1299, 1000.000000000000000 ) ;
#363 = CARTESIAN_POINT ( 'NONE',  ( -23.50000000000000000, 5.000000000000060396, 2.220446049250313081E-13 ) ) ;
#364 = LINE ( 'NONE', #1117, #103 ) ;
#365 = CARTESIAN_POINT ( 'NONE',  ( -38.99999999999997868, 16.50000000000045830, -3.500000000000058620 ) ) ;
#366 = EDGE_LOOP ( 'NONE', ( #1137, #1298, #416, #22 ) ) ;
#367 = EDGE_LOOP ( 'NONE', ( #1196, #560, #1273, #561 ) ) ;
#368 = DIRECTION ( 'NONE',  ( -0.000000000000000000, 0.000000000000000000, -1.000000000000000000 ) ) ;
#369 = CARTESIAN_POINT ( 'NONE',  ( 0.000000000000000000, 0.000000000000000000, 0.000000000000000000 ) ) ;
#370 = STYLED_ITEM ( 'NONE', ( #415 ), #1052 ) ;
#371 = CIRCLE ( 'NONE', #813, 2.499999999999995115 ) ;
#372 = UNCERTAINTY_MEASURE_WITH_UNIT (LENGTH_MEASURE( 1.000000000000000082E-05 ), #81, 'distance_accuracy_value', 'NONE');
#373 = DIRECTION ( 'NONE',  ( 0.000000000000000000, 0.000000000000000000, -1.000000000000000000 ) ) ;
#374 = ORIENTED_EDGE ( 'NONE', *, *, #90, .F. ) ;
#375 = DIRECTION ( 'NONE',  ( 0.000000000000000000, 0.000000000000000000, -1.000000000000000000 ) ) ;
#376 = LINE ( 'NONE', #1006, #1095 ) ;
#377 = ADVANCED_FACE ( 'NONE', ( #894 ), #356, .F. ) ;
#378 = CARTESIAN_POINT ( 'NONE',  ( -112.0928773773934068, 50.80276602852039503, 1001.306937487202731 ) ) ;
#379 = VERTEX_POINT ( 'NONE', #1369 ) ;
#380 = DIRECTION ( 'NONE',  ( 3.221869081074272412E-53, -1.096345236817342084E-14, -1.000000000000000000 ) ) ;
#381 = VECTOR ( 'NONE', #583, 1000.000000000000000 ) ;
#382 = CARTESIAN_POINT ( 'NONE',  ( 1.000000000000014655, 16.50000000000004263, -2.000000000000112799 ) ) ;
#383 = CIRCLE ( 'NONE', #31, 1.400000000000012124 ) ;
#384 = FACE_OUTER_BOUND ( 'NONE', #355, .T. ) ;
#385 = ORIENTED_EDGE ( 'NONE', *, *, #398, .T. ) ;
#386 = FACE_OUTER_BOUND ( 'NONE', #427, .T. ) ;
#387 = DIRECTION ( 'NONE',  ( -1.000000000000000000, 0.000000000000000000, 0.000000000000000000 ) ) ;
#388 = DIRECTION ( 'NONE',  ( -1.000000000000000000, 0.000000000000000000, 0.000000000000000000 ) ) ;
#389 = EDGE_CURVE ( 'NONE', #631, #218, #943, .T. ) ;
#390 = EDGE_LOOP ( 'NONE', ( #1320, #570, #1087, #450 ) ) ;
#391 = SURFACE_STYLE_USAGE ( .BOTH. , #405 ) ;
#392 = ORIENTED_EDGE ( 'NONE', *, *, #591, .F. ) ;
#393 = CIRCLE ( 'NONE', #303, 1.500000000000000222 ) ;
#394 = EDGE_CURVE ( 'NONE', #156, #379, #164, .T. ) ;
#395 = LINE ( 'NONE', #716, #1090 ) ;
#396 = CARTESIAN_POINT ( 'NONE',  ( -25.99999999999999645, 5.000000000000254019, 2.220446049250313081E-13 ) ) ;
#397 = VERTEX_POINT ( 'NONE', #824 ) ;
#398 = EDGE_CURVE ( 'NONE', #318, #1257, #330, .T. ) ;
#399 = CARTESIAN_POINT ( 'NONE',  ( 19.99999999999998934, 16.50000000000048672, -3.500000000000058620 ) ) ;
#400 = VERTEX_POINT ( 'NONE', #1056 ) ;
#401 = DIRECTION ( 'NONE',  ( 0.000000000000000000, 0.000000000000000000, -1.000000000000000000 ) ) ;
#402 = ORIENTED_EDGE ( 'NONE', *, *, #1291, .T. ) ;
#403 = CONICAL_SURFACE ( 'NONE', #661, 2.499999999999995115, 0.7853981633974504994 ) ;
#404 = AXIS2_PLACEMENT_3D ( 'NONE', #426, #1314, #329 ) ;
#405 = SURFACE_SIDE_STYLE ('',( #1385 ) ) ;
#406 = CYLINDRICAL_SURFACE ( 'NONE', #731, 3.500000000000000000 ) ;
#407 = SHAPE_DEFINITION_REPRESENTATION ( #794, #1067 ) ;
#408 = EDGE_CURVE ( 'NONE', #796, #341, #516, .T. ) ;
#409 = LINE ( 'NONE', #643, #178 ) ;
#410 = LINE ( 'NONE', #1264, #101 ) ;
#411 = AXIS2_PLACEMENT_3D ( 'NONE', #852, #1259, #842 ) ;
#412 = VECTOR ( 'NONE', #209, 1000.000000000000000 ) ;
#413 = CARTESIAN_POINT ( 'NONE',  ( 1.499999999999556133, 1.836970198721030181E-16, 79.00000000000001421 ) ) ;
#414 = LINE ( 'NONE', #1203, #791 ) ;
#415 = PRESENTATION_STYLE_ASSIGNMENT (( #754 ) ) ;
#416 = ORIENTED_EDGE ( 'NONE', *, *, #900, .T. ) ;
#417 = LINE ( 'NONE', #433, #225 ) ;
#418 = ORIENTED_EDGE ( 'NONE', *, *, #688, .F. ) ;
#419 = LINE ( 'NONE', #208, #935 ) ;
#420 = VECTOR ( 'NONE', #344, 1000.000000000000000 ) ;
#421 = ORIENTED_EDGE ( 'NONE', *, *, #1185, .F. ) ;
#422 = DIRECTION ( 'NONE',  ( 1.000000000000000000, 0.000000000000000000, 0.000000000000000000 ) ) ;
#423 = DIRECTION ( 'NONE',  ( 0.000000000000000000, 0.000000000000000000, -1.000000000000000000 ) ) ;
#424 = AXIS2_PLACEMENT_3D ( 'NONE', #172, #952, #192 ) ;
#425 = EDGE_CURVE ( 'NONE', #314, #246, #185, .T. ) ;
#426 = CARTESIAN_POINT ( 'NONE',  ( 25.99999999999999645, 5.000000000000365041, -1.800000000000023803 ) ) ;
#427 = EDGE_LOOP ( 'NONE', ( #332, #133, #1242, #297 ) ) ;
#428 = ORIENTED_EDGE ( 'NONE', *, *, #528, .T. ) ;
#429 = DIRECTION ( 'NONE',  ( -1.000000000000000000, 0.000000000000000000, 0.000000000000000000 ) ) ;
#430 = EDGE_CURVE ( 'NONE', #1010, #898, #395, .T. ) ;
#431 = CARTESIAN_POINT ( 'NONE',  ( -4.440892098500626162E-13, 0.000000000000000000, 79.00000000000001421 ) ) ;
#432 = AXIS2_PLACEMENT_3D ( 'NONE', #369, #489, #733 ) ;
#433 = CARTESIAN_POINT ( 'NONE',  ( -35.00000000000000000, -19.99999999999958789, -2.000000000000001776 ) ) ;
#434 = EDGE_CURVE ( 'NONE', #773, #5, #837, .T. ) ;
#435 = EDGE_LOOP ( 'NONE', ( #708, #907, #1061, #891 ) ) ;
#436 = EDGE_LOOP ( 'NONE', ( #734, #1088, #1199, #790 ) ) ;
#437 = PRESENTATION_LAYER_ASSIGNMENT (  '', '', ( #1065 ) ) ;
#438 = DIRECTION ( 'NONE',  ( -1.000000000000000000, -2.938735877055719422E-39, -0.000000000000000000 ) ) ;
#439 = EDGE_CURVE ( 'NONE', #246, #397, #479, .T. ) ;
#440 = LINE ( 'NONE', #987, #362 ) ;
#441 = EDGE_LOOP ( 'NONE', ( #233, #1315, #392, #546 ) ) ;
#442 = ORIENTED_EDGE ( 'NONE', *, *, #972, .T. ) ;
#443 = DIRECTION ( 'NONE',  ( -1.000000000000000000, 0.000000000000000000, 0.000000000000000000 ) ) ;
#444 = FACE_OUTER_BOUND ( 'NONE', #877, .T. ) ;
#445 = CLOSED_SHELL ( 'NONE', ( #1059, #451, #995, #562, #1183, #1197, #109, #102, #720 ) ) ;
#446 = CARTESIAN_POINT ( 'NONE',  ( -23.50000000000000000, 5.000000000000365041, -1.800000000000023803 ) ) ;
#447 = DIRECTION ( 'NONE',  ( 0.000000000000000000, -1.000000000000000000, 1.098658201451979509E-14 ) ) ;
#448 = CARTESIAN_POINT ( 'NONE',  ( -25.99999999999999645, 5.000000000000365041, -1.800000000000023803 ) ) ;
#449 = ORIENTED_EDGE ( 'NONE', *, *, #966, .F. ) ;
#450 = ORIENTED_EDGE ( 'NONE', *, *, #306, .F. ) ;
#451 = ADVANCED_FACE ( 'NONE', ( #1062 ), #1068, .T. ) ;
#452 = ORIENTED_EDGE ( 'NONE', *, *, #739, .F. ) ;
#453 = LINE ( 'NONE', #1115, #381 ) ;
#454 = EDGE_CURVE ( 'NONE', #892, #397, #1359, .T. ) ;
#455 = DIRECTION ( 'NONE',  ( 1.734723475976806601E-16, -1.000000000000000000, 0.000000000000000000 ) ) ;
#456 = PRODUCT_DEFINITION ( 'UNKNOWN', '', #486, #706 ) ;
#457 = VERTEX_POINT ( 'NONE', #1255 ) ;
#458 = DIRECTION ( 'NONE',  ( -1.000000000000000000, 8.802115415141641764E-14, 0.000000000000000000 ) ) ;
#459 = ORIENTED_EDGE ( 'NONE', *, *, #905, .T. ) ;
#460 = AXIS2_PLACEMENT_3D ( 'NONE', #259, #464, #902 ) ;
#461 = ADVANCED_FACE ( 'NONE', ( #846 ), #487, .T. ) ;
#462 = CONICAL_SURFACE ( 'NONE', #719, 2.499999999999993783, 0.7853981633974492782 ) ;
#463 = FACE_OUTER_BOUND ( 'NONE', #160, .T. ) ;
#464 = DIRECTION ( 'NONE',  ( 0.000000000000000000, 0.000000000000000000, -1.000000000000000000 ) ) ;
#465 = EDGE_LOOP ( 'NONE', ( #1330, #920 ) ) ;
#466 = VECTOR ( 'NONE', #307, 1000.000000000000000 ) ;
#467 = DIRECTION ( 'NONE',  ( 1.000000000000000000, 0.000000000000000000, 0.000000000000000000 ) ) ;
#468 = ORIENTED_EDGE ( 'NONE', *, *, #23, .F. ) ;
#469 = PRODUCT ( '003', '003', '', ( #1276 ) ) ;
#470 = FACE_OUTER_BOUND ( 'NONE', #1375, .T. ) ;
#471 = CARTESIAN_POINT ( 'NONE',  ( 35.00000000000000000, -19.99999999999958789, -2.000000000000001776 ) ) ;
#472 = ORIENTED_EDGE ( 'NONE', *, *, #637, .F. ) ;
#473 = VECTOR ( 'NONE', #335, 1000.000000000000000 ) ;
#474 = DIRECTION ( 'NONE',  ( 0.000000000000000000, 0.000000000000000000, 1.000000000000000000 ) ) ;
#475 = LINE ( 'NONE', #803, #1313 ) ;
#476 = ORIENTED_EDGE ( 'NONE', *, *, #776, .F. ) ;
#477 = CIRCLE ( 'NONE', #845, 1.500000000000000222 ) ;
#478 = VECTOR ( 'NONE', #1094, 1000.000000000000000 ) ;
#479 = CIRCLE ( 'NONE', #983, 2.699999999999980194 ) ;
#480 = CARTESIAN_POINT ( 'NONE',  ( 1.000000000000014655, 12.50000000000003908, 2.220446049250313081E-13 ) ) ;
#481 = ORIENTED_EDGE ( 'NONE', *, *, #1331, .T. ) ;
#482 = CARTESIAN_POINT ( 'NONE',  ( 1.000000000000028644, 13.00000000000023448, -3.500000000000058620 ) ) ;
#483 = ORIENTED_EDGE ( 'NONE', *, *, #972, .F. ) ;
#484 = EDGE_CURVE ( 'NONE', #796, #1010, #751, .T. ) ;
#485 = PRODUCT_RELATED_PRODUCT_CATEGORY ( 'part', '', ( #726 ) ) ;
#486 = PRODUCT_DEFINITION_FORMATION_WITH_SPECIFIED_SOURCE ( 'ANY', '', #288, .NOT_KNOWN. ) ;
#487 = PLANE ( 'NONE',  #1169 ) ;
#488 = CARTESIAN_POINT ( 'NONE',  ( 0.000000000000000000, 0.000000000000000000, 1.000000000000000888 ) ) ;
#489 = DIRECTION ( 'NONE',  ( 0.000000000000000000, 0.000000000000000000, 1.000000000000000000 ) ) ;
#490 = ORIENTED_EDGE ( 'NONE', *, *, #697, .F. ) ;
#491 = CARTESIAN_POINT ( 'NONE',  ( -19.99999999999998934, 16.50000000000001421, -2.000000000000112799 ) ) ;
#492 = AXIS2_PLACEMENT_3D ( 'NONE', #113, #17, #542 ) ;
#493 = UNCERTAINTY_MEASURE_WITH_UNIT (LENGTH_MEASURE( 1.000000000000000082E-05 ), #654, 'distance_accuracy_value', 'NONE');
#494 = DIRECTION ( 'NONE',  ( -0.7071067811865444641, 0.000000000000000000, -0.7071067811865505703 ) ) ;
#495 = DIRECTION ( 'NONE',  ( 0.000000000000000000, 0.000000000000000000, 1.000000000000000000 ) ) ;
#496 = LINE ( 'NONE', #1261, #887 ) ;
#497 = PRODUCT_DEFINITION_SHAPE ( 'NONE', 'NONE',  #1400 ) ;
#498 = ORIENTED_EDGE ( 'NONE', *, *, #697, .T. ) ;
#499 = LINE ( 'NONE', #210, #766 ) ;
#500 = AXIS2_PLACEMENT_3D ( 'NONE', #240, #881, #28 ) ;
#501 = ADVANCED_FACE ( 'NONE', ( #838 ), #567, .F. ) ;
#502 = LINE ( 'NONE', #64, #1007 ) ;
#503 = CIRCLE ( 'NONE', #1300, 2.699999999999980194 ) ;
#504 = LINE ( 'NONE', #625, #1322 ) ;
#505 = VERTEX_POINT ( 'NONE', #1268 ) ;
#506 = EDGE_CURVE ( 'NONE', #1010, #598, #1047, .T. ) ;
#507 = DIRECTION ( 'NONE',  ( -1.000000000000000000, 0.000000000000000000, 0.000000000000000000 ) ) ;
#508 = ORIENTED_EDGE ( 'NONE', *, *, #308, .F. ) ;
#509 = DIRECTION ( 'NONE',  ( -1.000000000000000000, 0.000000000000000000, 0.000000000000000000 ) ) ;
#510 = ADVANCED_FACE ( 'NONE', ( #1382 ), #72, .F. ) ;
#511 = FACE_BOUND ( 'NONE', #1004, .T. ) ;
#512 = CARTESIAN_POINT ( 'NONE',  ( -237.5832562624088382, 4.885502998452251333, 1000.000000000006935 ) ) ;
#513 = ORIENTED_EDGE ( 'NONE', *, *, #1287, .T. ) ;
#514 = DIRECTION ( 'NONE',  ( 5.135813136053697657E-31, -1.000000000000000000, 1.096345236817342084E-14 ) ) ;
#515 = AXIS2_PLACEMENT_3D ( 'NONE', #961, #1286, #1066 ) ;
#516 = LINE ( 'NONE', #382, #1142 ) ;
#517 = CARTESIAN_POINT ( 'NONE',  ( -2.699999999999972200, -9.999999999999994671, -2.000000000000001776 ) ) ;
#518 = APPLICATION_PROTOCOL_DEFINITION ( 'draft international standard', 'automotive_design', 1998, #831 ) ;
#519 = VERTEX_POINT ( 'NONE', #730 ) ;
#520 = CARTESIAN_POINT ( 'NONE',  ( 1.000000000000014655, 15.00000000000006928, -3.500000000000169642 ) ) ;
#521 = EDGE_CURVE ( 'NONE', #1084, #807, #502, .T. ) ;
#522 = AXIS2_PLACEMENT_3D ( 'NONE', #448, #559, #20 ) ;
#523 = FACE_OUTER_BOUND ( 'NONE', #187, .T. ) ;
#524 = VECTOR ( 'NONE', #80, 1000.000000000000000 ) ;
#525 = DIRECTION ( 'NONE',  ( 0.000000000000000000, 0.000000000000000000, 1.000000000000000000 ) ) ;
#526 = DIRECTION ( 'NONE',  ( -1.000000000000000000, -2.938735877055719422E-39, 0.000000000000000000 ) ) ;
#527 = CARTESIAN_POINT ( 'NONE',  ( -25.99999999999999645, 5.000000000000365041, -1.800000000000023803 ) ) ;
#528 = EDGE_CURVE ( 'NONE', #893, #346, #383, .T. ) ;
#529 = APPLICATION_PROTOCOL_DEFINITION ( 'draft international standard', 'automotive_design', 1998, #999 ) ;
#530 = FACE_OUTER_BOUND ( 'NONE', #868, .T. ) ;
#531 = DIRECTION ( 'NONE',  ( 1.000000000000000000, -9.130123557772694219E-17, -9.244463733058732095E-33 ) ) ;
#532 = CIRCLE ( 'NONE', #1041, 1.500000000000000222 ) ;
#533 = VECTOR ( 'NONE', #1231, 1000.000000000000000 ) ;
#534 = DIRECTION ( 'NONE',  ( 0.000000000000000000, 0.000000000000000000, -1.000000000000000000 ) ) ;
#535 = CARTESIAN_POINT ( 'NONE',  ( -1.500000000000444311, 0.000000000000000000, 78.90000000000001990 ) ) ;
#536 = ORIENTED_EDGE ( 'NONE', *, *, #430, .T. ) ;
#537 = CYLINDRICAL_SURFACE ( 'NONE', #154, 3.499999999999997780 ) ;
#538 = ORIENTED_EDGE ( 'NONE', *, *, #484, .F. ) ;
#539 = DIRECTION ( 'NONE',  ( 0.000000000000000000, 0.000000000000000000, -1.000000000000000000 ) ) ;
#540 = ADVANCED_FACE ( 'NONE', ( #769 ), #982, .F. ) ;
#541 = ORIENTED_EDGE ( 'NONE', *, *, #607, .F. ) ;
#542 = DIRECTION ( 'NONE',  ( 1.000000000000000000, 0.000000000000000000, 0.000000000000000000 ) ) ;
#543 = EDGE_LOOP ( 'NONE', ( #1240, #226 ) ) ;
#544 = AXIS2_PLACEMENT_3D ( 'NONE', #180, #830, #387 ) ;
#545 = DIRECTION ( 'NONE',  ( 0.000000000000000000, 0.000000000000000000, -1.000000000000000000 ) ) ;
#546 = ORIENTED_EDGE ( 'NONE', *, *, #905, .F. ) ;
#547 = ORIENTED_EDGE ( 'NONE', *, *, #439, .T. ) ;
#548 = DIRECTION ( 'NONE',  ( -0.000000000000000000, -0.000000000000000000, 1.000000000000000000 ) ) ;
#549 = CARTESIAN_POINT ( 'NONE',  ( 0.000000000000000000, -9.999999999999994671, -1.800000000000023803 ) ) ;
#550 = DIRECTION ( 'NONE',  ( -1.000000000000000000, 0.000000000000000000, 0.000000000000000000 ) ) ;
#551 = EDGE_LOOP ( 'NONE', ( #699, #671, #1167, #124 ) ) ;
#552 = ORIENTED_EDGE ( 'NONE', *, *, #1170, .F. ) ;
#553 = VECTOR ( 'NONE', #514, 1000.000000000000000 ) ;
#554 = ORIENTED_EDGE ( 'NONE', *, *, #207, .T. ) ;
#555 = LINE ( 'NONE', #683, #1266 ) ;
#556 = EDGE_CURVE ( 'NONE', #1, #1084, #419, .T. ) ;
#557 = DIRECTION ( 'NONE',  ( 0.000000000000000000, 0.000000000000000000, 1.000000000000000000 ) ) ;
#558 = CARTESIAN_POINT ( 'NONE',  ( -19.99999999999998934, 16.50000000000045830, -3.500000000000058620 ) ) ;
#559 = DIRECTION ( 'NONE',  ( 0.000000000000000000, 0.000000000000000000, -1.000000000000000000 ) ) ;
#560 = ORIENTED_EDGE ( 'NONE', *, *, #151, .T. ) ;
#561 = ORIENTED_EDGE ( 'NONE', *, *, #910, .F. ) ;
#562 = ADVANCED_FACE ( 'NONE', ( #1089 ), #406, .T. ) ;
#563 = EDGE_LOOP ( 'NONE', ( #476, #267, #136, #672 ) ) ;
#564 = CARTESIAN_POINT ( 'NONE',  ( -28.49999999999998934, 5.000000000000060396, -2.000000000000001776 ) ) ;
#565 = AXIS2_PLACEMENT_3D ( 'NONE', #1243, #1133, #266 ) ;
#566 = CARTESIAN_POINT ( 'NONE',  ( 20.99999999999998934, 12.50000000000003908, 2.220446049250313081E-13 ) ) ;
#567 = CONICAL_SURFACE ( 'NONE', #544, 2.499999999999995115, 0.7853981633974504994 ) ;
#568 = ADVANCED_FACE ( 'NONE', ( #523 ), #853, .T. ) ;
#569 = CARTESIAN_POINT ( 'NONE',  ( -35.00000000000000000, -19.99999999999958789, -2.000000000000001776 ) ) ;
#570 = ORIENTED_EDGE ( 'NONE', *, *, #1129, .T. ) ;
#571 = CARTESIAN_POINT ( 'NONE',  ( -23.50000000000000000, 5.000000000000060396, -2.000000000000001776 ) ) ;
#572 = DIRECTION ( 'NONE',  ( 0.000000000000000000, -1.000000000000000000, 1.098658201451981876E-14 ) ) ;
#573 = CARTESIAN_POINT ( 'NONE',  ( -28.49999999999998934, 5.000000000000365041, -1.800000000000023803 ) ) ;
#574 = EDGE_LOOP ( 'NONE', ( #1228, #705, #693, #163 ) ) ;
#575 = COLOUR_RGB ( '',0.7921568627450980005, 0.8196078431372548767, 0.9333333333333333481 ) ;
#576 = FACE_OUTER_BOUND ( 'NONE', #800, .T. ) ;
#577 = DIRECTION ( 'NONE',  ( 0.000000000000000000, 0.000000000000000000, -1.000000000000000000 ) ) ;
#578 = VERTEX_POINT ( 'NONE', #750 ) ;
#579 = ADVANCED_FACE ( 'NONE', ( #981 ), #973, .T. ) ;
#580 = PLANE ( 'NONE',  #184 ) ;
#581 = CARTESIAN_POINT ( 'NONE',  ( 0.000000000000000000, -9.999999999999980460, 2.220446049250313081E-13 ) ) ;
#582 = ORIENTED_EDGE ( 'NONE', *, *, #454, .T. ) ;
#583 = DIRECTION ( 'NONE',  ( -2.938735877055718117E-39, 1.000000000000000000, 0.000000000000000000 ) ) ;
#584 = CARTESIAN_POINT ( 'NONE',  ( 10.50000000000000888, 15.00000000000006928, -3.500000000000169642 ) ) ;
#585 = EDGE_LOOP ( 'NONE', ( #141, #211, #123, #472 ) ) ;
#586 = AXIS2_PLACEMENT_3D ( 'NONE', #1211, #557, #230 ) ;
#587 = LINE ( 'NONE', #599, #1205 ) ;
#588 = VECTOR ( 'NONE', #805, 1000.000000000000000 ) ;
#589 = EDGE_CURVE ( 'NONE', #457, #134, #745, .T. ) ;
#590 = LINE ( 'NONE', #55, #1250 ) ;
#591 = EDGE_CURVE ( 'NONE', #218, #241, #2, .T. ) ;
#592 = EDGE_LOOP ( 'NONE', ( #21, #552, #118, #1045 ) ) ;
#593 = CIRCLE ( 'NONE', #165, 2.499999999999995115 ) ;
#594 = AXIS2_PLACEMENT_3D ( 'NONE', #1311, #1295, #1193 ) ;
#595 = AXIS2_PLACEMENT_3D ( 'NONE', #601, #375, #819 ) ;
#596 = CARTESIAN_POINT ( 'NONE',  ( 23.50000000000000000, 5.000000000000365041, -1.800000000000023803 ) ) ;
#597 = SHAPE_REPRESENTATION_RELATIONSHIP ( 'NONE' , 'NONE' ,  #1067, #1326 ) ;
#598 = VERTEX_POINT ( 'NONE', #642 ) ;
#599 = CARTESIAN_POINT ( 'NONE',  ( 1.000000000000014655, 0.000000000000000000, 0.000000000000000000 ) ) ;
#600 = DIRECTION ( 'NONE',  ( 1.000000000000000000, -9.130123557772694219E-17, -9.244463733058732095E-33 ) ) ;
#601 = CARTESIAN_POINT ( 'NONE',  ( -35.00000000000000000, -14.99999999999976374, -2.000000000000112799 ) ) ;
#602 = PLANE ( 'NONE',  #52 ) ;
#603 = EDGE_LOOP ( 'NONE', ( #767, #1316, #174, #1114 ) ) ;
#604 = MECHANICAL_DESIGN_GEOMETRIC_PRESENTATION_REPRESENTATION (  '', ( #370 ), #1107 ) ;
#605 = VECTOR ( 'NONE', #577, 1000.000000000000000 ) ;
#606 = DIRECTION ( 'NONE',  ( -0.000000000000000000, -0.000000000000000000, -1.000000000000000000 ) ) ;
#607 = EDGE_CURVE ( 'NONE', #221, #691, #305, .T. ) ;
#608 = CARTESIAN_POINT ( 'NONE',  ( 0.000000000000000000, -9.999999999999758415, -2.000000000000001776 ) ) ;
#609 = ADVANCED_FACE ( 'NONE', ( #1072 ), #858, .T. ) ;
#610 = ADVANCED_FACE ( 'NONE', ( #319 ), #760, .T. ) ;
#611 = CARTESIAN_POINT ( 'NONE',  ( -40.00000000000000711, 20.00000000000044764, -2.000000000000112799 ) ) ;
#612 = ORIENTED_EDGE ( 'NONE', *, *, #148, .T. ) ;
#613 = APPLICATION_CONTEXT ( 'automotive_design' ) ;
#614 = DIRECTION ( 'NONE',  ( 0.000000000000000000, 0.000000000000000000, 1.000000000000000000 ) ) ;
#615 = VECTOR ( 'NONE', #1119, 1000.000000000000000 ) ;
#616 = ORIENTED_EDGE ( 'NONE', *, *, #1271, .T. ) ;
#617 = ADVANCED_FACE ( 'NONE', ( #215 ), #1078, .F. ) ;
#618 = DIRECTION ( 'NONE',  ( -4.625929269271492422E-15, -1.000000000000000000, 1.096345236817342084E-14 ) ) ;
#619 = AXIS2_PLACEMENT_3D ( 'NONE', #1201, #95, #1288 ) ;
#620 = CARTESIAN_POINT ( 'NONE',  ( 1.499999999999556133, 1.836970198721030181E-16, 78.90000000000001990 ) ) ;
#621 = EDGE_LOOP ( 'NONE', ( #850, #442, #758, #996 ) ) ;
#622 = CARTESIAN_POINT ( 'NONE',  ( 28.49999999999998934, 5.000000000000060396, -2.000000000000001776 ) ) ;
#623 = ORIENTED_EDGE ( 'NONE', *, *, #310, .T. ) ;
#624 = DIRECTION ( 'NONE',  ( -1.000000000000000000, -2.938735877055719422E-39, 0.000000000000000000 ) ) ;
#625 = CARTESIAN_POINT ( 'NONE',  ( -39.00000000000000711, 12.74670786120460342, 0.0009999999998067110596 ) ) ;
#626 = DIRECTION ( 'NONE',  ( -1.000000000000000000, -6.574623747347093820E-23, 1.854474847941806021E-22 ) ) ;
#627 = ORIENTED_EDGE ( 'NONE', *, *, #251, .F. ) ;
#628 = AXIS2_PLACEMENT_3D ( 'NONE', #940, #1182, #177 ) ;
#629 = PLANE ( 'NONE',  #695 ) ;
#630 = ADVANCED_FACE ( 'NONE', ( #309, #1204, #224, #1398 ), #1223, .T. ) ;
#631 = VERTEX_POINT ( 'NONE', #861 ) ;
#632 = VECTOR ( 'NONE', #1155, 1000.000000000000227 ) ;
#633 = DIRECTION ( 'NONE',  ( -4.625929269271501888E-15, -1.000000000000000000, 1.096345236817342084E-14 ) ) ;
#634 = ADVANCED_FACE ( 'NONE', ( #787 ), #219, .F. ) ;
#635 = CARTESIAN_POINT ( 'NONE',  ( -38.99999999999997868, 16.50000000000045830, -3.500000000000058620 ) ) ;
#636 = LINE ( 'NONE', #302, #632 ) ;
#637 = EDGE_CURVE ( 'NONE', #519, #1034, #503, .T. ) ;
#638 = DIRECTION ( 'NONE',  ( -1.000000000000000000, -2.938735877055719422E-39, 0.000000000000000000 ) ) ;
#639 = DIRECTION ( 'NONE',  ( 0.000000000000000000, 0.000000000000000000, -1.000000000000000000 ) ) ;
#640 = DIRECTION ( 'NONE',  ( 1.000000000000000000, 5.877471754111437540E-39, 0.000000000000000000 ) ) ;
#641 = DIRECTION ( 'NONE',  ( -0.000000000000000000, -0.000000000000000000, 1.000000000000000000 ) ) ;
#642 = CARTESIAN_POINT ( 'NONE',  ( 19.99999999999998934, 15.00000000000006928, -3.500000000000169642 ) ) ;
#643 = CARTESIAN_POINT ( 'NONE',  ( 39.99999999999997868, -19.99999999999996092, 2.220446049250313081E-13 ) ) ;
#644 = FILL_AREA_STYLE_COLOUR ( '', #235 ) ;
#645 = ORIENTED_EDGE ( 'NONE', *, *, #188, .T. ) ;
#646 = ADVANCED_FACE ( 'NONE', ( #115 ), #971, .F. ) ;
#647 = CARTESIAN_POINT ( 'NONE',  ( 1.500000000000000000, 1.836970198721574002E-16, 1.000000000000000888 ) ) ;
#648 = AXIS2_PLACEMENT_3D ( 'NONE', #581, #146, #1350 ) ;
#649 = ORIENTED_EDGE ( 'NONE', *, *, #268, .T. ) ;
#650 = ORIENTED_EDGE ( 'NONE', *, *, #12, .F. ) ;
#651 = DIRECTION ( 'NONE',  ( 2.938735877055718117E-39, -1.000000000000000000, 0.000000000000000000 ) ) ;
#652 = EDGE_CURVE ( 'NONE', #1190, #249, #189, .T. ) ;
#653 = DIRECTION ( 'NONE',  ( 1.000000000000000000, 5.877471754111437540E-39, 0.000000000000000000 ) ) ;
#654 =( LENGTH_UNIT ( ) NAMED_UNIT ( * ) SI_UNIT ( .MILLI., .METRE. ) );
#655 = ORIENTED_EDGE ( 'NONE', *, *, #694, .F. ) ;
#656 = LINE ( 'NONE', #756, #478 ) ;
#657 = EDGE_CURVE ( 'NONE', #755, #241, #19, .T. ) ;
#658 = VERTEX_POINT ( 'NONE', #874 ) ;
#659 = VECTOR ( 'NONE', #1327, 1000.000000000000000 ) ;
#660 = CARTESIAN_POINT ( 'NONE',  ( 40.00000000000000711, 12.50000000000023270, -2.000000000000001776 ) ) ;
#661 = AXIS2_PLACEMENT_3D ( 'NONE', #1063, #285, #1256 ) ;
#662 = DIRECTION ( 'NONE',  ( -0.000000000000000000, 0.000000000000000000, -1.000000000000000000 ) ) ;
#663 = ORIENTED_EDGE ( 'NONE', *, *, #70, .F. ) ;
#664 = ORIENTED_EDGE ( 'NONE', *, *, #1344, .F. ) ;
#665 = DIRECTION ( 'NONE',  ( 0.000000000000000000, 0.000000000000000000, 1.000000000000000000 ) ) ;
#666 = CIRCLE ( 'NONE', #1376, 3.500000000000000000 ) ;
#667 = ADVANCED_FACE ( 'NONE', ( #130 ), #869, .F. ) ;
#668 = CARTESIAN_POINT ( 'NONE',  ( -19.99999999999998934, 16.50000000000034817, 2.220446049250313081E-13 ) ) ;
#669 = DIRECTION ( 'NONE',  ( 1.000000000000000000, 2.938735877055719422E-39, 0.000000000000000000 ) ) ;
#670 = CARTESIAN_POINT ( 'NONE',  ( -2.499999999999993783, -9.999999999999980460, 2.220446049250313081E-13 ) ) ;
#671 = ORIENTED_EDGE ( 'NONE', *, *, #1271, .F. ) ;
#672 = ORIENTED_EDGE ( 'NONE', *, *, #126, .F. ) ;
#673 =( GEOMETRIC_REPRESENTATION_CONTEXT ( 3 ) GLOBAL_UNCERTAINTY_ASSIGNED_CONTEXT ( ( #54 ) ) GLOBAL_UNIT_ASSIGNED_CONTEXT ( ( #1279, #748, #106 ) ) REPRESENTATION_CONTEXT ( 'NONE', 'WORKASPACE' ) );
#674 = CIRCLE ( 'NONE', #63, 2.499999999999993783 ) ;
#675 = ORIENTED_EDGE ( 'NONE', *, *, #398, .F. ) ;
#676 = DIRECTION ( 'NONE',  ( 0.000000000000000000, 0.000000000000000000, -1.000000000000000000 ) ) ;
#677 = DIRECTION ( 'NONE',  ( 1.000000000000000000, 0.000000000000000000, 0.000000000000000000 ) ) ;
#678 = CARTESIAN_POINT ( 'NONE',  ( -19.99999999999998934, 12.50000000000023270, -2.000000000000001776 ) ) ;
#679 = CARTESIAN_POINT ( 'NONE',  ( 3.500000000000000000, 4.286263797015736595E-16, 1.000000000000000888 ) ) ;
#680 = EDGE_LOOP ( 'NONE', ( #449, #1338, #1120, #980 ) ) ;
#681 = CLOSED_SHELL ( 'NONE', ( #179, #878, #946, #247, #1389, #634, #630, #243, #222, #1100, #461, #568, #1217, #836, #1202, #617, #752, #646, #579, #191, #1230, #951, #510, #610, #1367, #377, #667, #865, #609, #986, #255, #273, #1076, #326, #540, #501 ) ) ;
#682 = CARTESIAN_POINT ( 'NONE',  ( -19.99999999999998934, 16.50000000000034817, 2.220446049250313081E-13 ) ) ;
#683 = CARTESIAN_POINT ( 'NONE',  ( 2.499999999999993783, -9.999999999999758415, -2.000000000000001776 ) ) ;
#684 = EDGE_LOOP ( 'NONE', ( #214, #821, #1168, #1022 ) ) ;
#685 = FACE_OUTER_BOUND ( 'NONE', #1214, .T. ) ;
#686 = CARTESIAN_POINT ( 'NONE',  ( -25.99999999999999645, 5.000000000000365041, -1.800000000000023803 ) ) ;
#687 = VERTEX_POINT ( 'NONE', #765 ) ;
#688 = EDGE_CURVE ( 'NONE', #254, #687, #231, .T. ) ;
#689 = CARTESIAN_POINT ( 'NONE',  ( 25.99999999999999645, 5.000000000000060396, -2.000000000000001776 ) ) ;
#690 = LINE ( 'NONE', #566, #857 ) ;
#691 = VERTEX_POINT ( 'NONE', #647 ) ;
#692 = DIRECTION ( 'NONE',  ( 1.000000000000000000, 8.673617379884036705E-17, 0.000000000000000000 ) ) ;
#693 = ORIENTED_EDGE ( 'NONE', *, *, #1040, .T. ) ;
#694 = EDGE_CURVE ( 'NONE', #318, #1113, #440, .T. ) ;
#695 = AXIS2_PLACEMENT_3D ( 'NONE', #1272, #526, #614 ) ;
#696 = FACE_OUTER_BOUND ( 'NONE', #574, .T. ) ;
#697 = EDGE_CURVE ( 'NONE', #896, #807, #14, .T. ) ;
#698 = LINE ( 'NONE', #47, #721 ) ;
#699 = ORIENTED_EDGE ( 'NONE', *, *, #1331, .F. ) ;
#700 = DIRECTION ( 'NONE',  ( -0.000000000000000000, -0.000000000000000000, 1.000000000000000000 ) ) ;
#701 = ORIENTED_EDGE ( 'NONE', *, *, #1370, .F. ) ;
#702 = EDGE_CURVE ( 'NONE', #578, #773, #417, .T. ) ;
#703 = LINE ( 'NONE', #564, #775 ) ;
#704 =( NAMED_UNIT ( * ) SI_UNIT ( $, .STERADIAN. ) SOLID_ANGLE_UNIT ( ) );
#705 = ORIENTED_EDGE ( 'NONE', *, *, #798, .F. ) ;
#706 = PRODUCT_DEFINITION_CONTEXT ( 'detailed design', #904, 'design' ) ;
#707 = CARTESIAN_POINT ( 'NONE',  ( 40.00000000000000711, 12.50000000000003908, 2.220446049250313081E-13 ) ) ;
#708 = ORIENTED_EDGE ( 'NONE', *, *, #657, .F. ) ;
#709 = CARTESIAN_POINT ( 'NONE',  ( 25.99999999999999645, 5.000000000000060396, -2.000000000000001776 ) ) ;
#710 = DIRECTION ( 'NONE',  ( -1.000000000000000000, 0.000000000000000000, 0.000000000000000000 ) ) ;
#711 =( LENGTH_UNIT ( ) NAMED_UNIT ( * ) SI_UNIT ( .MILLI., .METRE. ) );
#712 = EDGE_CURVE ( 'NONE', #892, #314, #847, .T. ) ;
#713 = PRODUCT_DEFINITION_SHAPE ( 'NONE', 'NONE',  #456 ) ;
#714 = CARTESIAN_POINT ( 'NONE',  ( 0.000000000000000000, 0.000000000000000000, 1.000000000000000888 ) ) ;
#715 = EDGE_CURVE ( 'NONE', #796, #400, #656, .T. ) ;
#716 = CARTESIAN_POINT ( 'NONE',  ( 1.000000000000014655, 15.00000000000006928, -3.500000000000169642 ) ) ;
#717 = CARTESIAN_POINT ( 'NONE',  ( -25.99999999999999645, 5.000000000000060396, -2.000000000000001776 ) ) ;
#718 = DIRECTION ( 'NONE',  ( 0.000000000000000000, 0.000000000000000000, 1.000000000000000000 ) ) ;
#719 = AXIS2_PLACEMENT_3D ( 'NONE', #1162, #183, #1392 ) ;
#720 = ADVANCED_FACE ( 'NONE', ( #1191 ), #779, .T. ) ;
#721 = VECTOR ( 'NONE', #793, 999.9999999999998863 ) ;
#722 = CYLINDRICAL_SURFACE ( 'NONE', #216, 3.500000000000000000 ) ;
#723 = ORIENTED_EDGE ( 'NONE', *, *, #900, .F. ) ;
#724 = DIRECTION ( 'NONE',  ( 1.000000000000000000, 8.673617379884036705E-17, 0.000000000000000000 ) ) ;
#725 = DIRECTION ( 'NONE',  ( 1.000000000000000000, 2.938735877055719422E-39, 0.000000000000000000 ) ) ;
#726 = PRODUCT ( '0001', '0001', '', ( #1296 ) ) ;
#727 = DIRECTION ( 'NONE',  ( 0.000000000000000000, 0.000000000000000000, 1.000000000000000000 ) ) ;
#728 = ORIENTED_EDGE ( 'NONE', *, *, #1012, .F. ) ;
#729 = DIRECTION ( 'NONE',  ( 1.000000000000000000, 2.938735877055719422E-39, 0.000000000000000000 ) ) ;
#730 = CARTESIAN_POINT ( 'NONE',  ( -23.30000000000002203, 5.000000000000365041, -2.000000000000001776 ) ) ;
#731 = AXIS2_PLACEMENT_3D ( 'NONE', #100, #539, #429 ) ;
#732 = LINE ( 'NONE', #1057, #524 ) ;
#733 = DIRECTION ( 'NONE',  ( 1.000000000000000000, 0.000000000000000000, 0.000000000000000000 ) ) ;
#734 = ORIENTED_EDGE ( 'NONE', *, *, #454, .F. ) ;
#735 = LINE ( 'NONE', #835, #553 ) ;
#736 = ORIENTED_EDGE ( 'NONE', *, *, #764, .T. ) ;
#737 = CARTESIAN_POINT ( 'NONE',  ( -4.440892098500626162E-13, 0.000000000000000000, 79.00000000000001421 ) ) ;
#738 = ORIENTED_EDGE ( 'NONE', *, *, #394, .T. ) ;
#739 = EDGE_CURVE ( 'NONE', #844, #1, #108, .T. ) ;
#740 = PRODUCT_DEFINITION ( 'UNKNOWN', '', #1016, #263 ) ;
#741 = CARTESIAN_POINT ( 'NONE',  ( 1.000000000000014655, 12.50000000000051159, 0.0009999999999177333621 ) ) ;
#742 = PRESENTATION_LAYER_ASSIGNMENT (  '', '', ( #370 ) ) ;
#743 = CYLINDRICAL_SURFACE ( 'NONE', #515, 4.999999999999997335 ) ;
#744 = AXIS2_PLACEMENT_3D ( 'NONE', #635, #13, #665 ) ;
#745 = LINE ( 'NONE', #11, #914 ) ;
#746 = CONTEXT_DEPENDENT_SHAPE_REPRESENTATION ( #1132, #135 ) ;
#747 = CARTESIAN_POINT ( 'NONE',  ( -39.00000000000000711, 12.74670786120513100, -2.000000000000001776 ) ) ;
#748 =( NAMED_UNIT ( * ) PLANE_ANGLE_UNIT ( ) SI_UNIT ( $, .RADIAN. ) );
#749 = AXIS2_PLACEMENT_3D ( 'NONE', #1237, #252, #143 ) ;
#750 = CARTESIAN_POINT ( 'NONE',  ( -35.00000000000000000, -19.99999999999998934, 2.220446049250313081E-13 ) ) ;
#751 = CIRCLE ( 'NONE', #424, 1.499999999999994449 ) ;
#752 = ADVANCED_FACE ( 'NONE', ( #7 ), #537, .T. ) ;
#753 = DIRECTION ( 'NONE',  ( -0.000000000000000000, -0.000000000000000000, 1.000000000000000000 ) ) ;
#754 = SURFACE_STYLE_USAGE ( .BOTH. , #965 ) ;
#755 = VERTEX_POINT ( 'NONE', #1118 ) ;
#756 = CARTESIAN_POINT ( 'NONE',  ( 1.000000000000014655, 16.50000000000004263, -2.000000000000112799 ) ) ;
#757 = EDGE_CURVE ( 'NONE', #687, #317, #816, .T. ) ;
#758 = ORIENTED_EDGE ( 'NONE', *, *, #204, .T. ) ;
#759 = VERTEX_POINT ( 'NONE', #573 ) ;
#760 = CYLINDRICAL_SURFACE ( 'NONE', #594, 3.499999999999994227 ) ;
#761 = AXIS2_PLACEMENT_3D ( 'NONE', #34, #438, #245 ) ;
#762 = CARTESIAN_POINT ( 'NONE',  ( 0.000000000000000000, 0.000000000000000000, 1.000000000000000888 ) ) ;
#763 = VERTEX_POINT ( 'NONE', #140 ) ;
#764 = EDGE_CURVE ( 'NONE', #379, #156, #1082, .T. ) ;
#765 = CARTESIAN_POINT ( 'NONE',  ( -19.99999999999998934, 12.50000000000003908, 2.220446049250313081E-13 ) ) ;
#766 = VECTOR ( 'NONE', #640, 1000.000000000000000 ) ;
#767 = ORIENTED_EDGE ( 'NONE', *, *, #715, .T. ) ;
#768 = VERTEX_POINT ( 'NONE', #678 ) ;
#769 = FACE_OUTER_BOUND ( 'NONE', #585, .T. ) ;
#770 = FACE_OUTER_BOUND ( 'NONE', #592, .T. ) ;
#771 = AXIS2_PLACEMENT_3D ( 'NONE', #930, #401, #1171 ) ;
#772 = CARTESIAN_POINT ( 'NONE',  ( -19.99999999999998934, 15.00000000000006928, -3.500000000000169642 ) ) ;
#773 = VERTEX_POINT ( 'NONE', #569 ) ;
#774 = ORIENTED_EDGE ( 'NONE', *, *, #188, .F. ) ;
#775 = VECTOR ( 'NONE', #166, 1000.000000000000000 ) ;
#776 = EDGE_CURVE ( 'NONE', #755, #844, #1289, .T. ) ;
#777 = CARTESIAN_POINT ( 'NONE',  ( 19.99999999999998934, 16.50000000000048672, -3.500000000000058620 ) ) ;
#778 = AXIS2_PLACEMENT_3D ( 'NONE', #689, #57, #349 ) ;
#779 = CONICAL_SURFACE ( 'NONE', #1258, 1.400000000000012124, 0.7853981633974439491 ) ;
#780 = CARTESIAN_POINT ( 'NONE',  ( 19.99999999999998934, 16.50000000000004263, -2.000000000000112799 ) ) ;
#781 = DIRECTION ( 'NONE',  ( -9.130123557772694219E-17, -1.000000000000000000, 2.582794426846665259E-63 ) ) ;
#782 = CARTESIAN_POINT ( 'NONE',  ( 39.99999999999997868, 20.00000000000017053, 2.220446049250313081E-13 ) ) ;
#783 = EDGE_LOOP ( 'NONE', ( #107, #554, #182, #490 ) ) ;
#784 = EDGE_LOOP ( 'NONE', ( #927, #871, #976, #51 ) ) ;
#785 = CARTESIAN_POINT ( 'NONE',  ( 0.000000000000000000, 0.000000000000000000, 1.000000000000000888 ) ) ;
#786 = EDGE_CURVE ( 'NONE', #804, #314, #1038, .T. ) ;
#787 = FACE_OUTER_BOUND ( 'NONE', #784, .T. ) ;
#788 = CARTESIAN_POINT ( 'NONE',  ( 35.00000000000000000, -14.99999999999998579, 3.330669073875469621E-13 ) ) ;
#789 = ORIENTED_EDGE ( 'NONE', *, *, #962, .T. ) ;
#790 = ORIENTED_EDGE ( 'NONE', *, *, #1165, .F. ) ;
#791 = VECTOR ( 'NONE', #859, 999.9999999999998863 ) ;
#792 = DIRECTION ( 'NONE',  ( 0.000000000000000000, 0.000000000000000000, 1.000000000000000000 ) ) ;
#793 = DIRECTION ( 'NONE',  ( -0.7071067811865483499, -4.156000133564594771E-39, -0.7071067811865467956 ) ) ;
#794 = PRODUCT_DEFINITION_SHAPE ( 'NONE', 'NONE',  #1124 ) ;
#795 = DIRECTION ( 'NONE',  ( 0.000000000000000000, 0.000000000000000000, -1.000000000000000000 ) ) ;
#796 = VERTEX_POINT ( 'NONE', #897 ) ;
#797 = CIRCLE ( 'NONE', #522, 2.499999999999995115 ) ;
#798 = EDGE_CURVE ( 'NONE', #9, #916, #992, .T. ) ;
#799 = CARTESIAN_POINT ( 'NONE',  ( 35.00000000000000000, -19.99999999999996092, 2.220446049250313081E-13 ) ) ;
#800 = EDGE_LOOP ( 'NONE', ( #876, #468, #1093, #1005 ) ) ;
#801 = ADVANCED_BREP_SHAPE_REPRESENTATION ( '', ( #1052, #432 ), #175 ) ;
#802 = EDGE_CURVE ( 'NONE', #691, #234, #532, .T. ) ;
#803 = CARTESIAN_POINT ( 'NONE',  ( -19.99999999999998934, 15.00000000000006928, -3.500000000000169642 ) ) ;
#804 = VERTEX_POINT ( 'NONE', #915 ) ;
#805 = DIRECTION ( 'NONE',  ( 0.000000000000000000, 0.000000000000000000, -1.000000000000000000 ) ) ;
#806 = PLANE ( 'NONE',  #304 ) ;
#807 = VERTEX_POINT ( 'NONE', #155 ) ;
#808 = DIRECTION ( 'NONE',  ( 0.000000000000000000, 0.000000000000000000, -1.000000000000000000 ) ) ;
#809 = UNCERTAINTY_MEASURE_WITH_UNIT (LENGTH_MEASURE( 1.000000000000000082E-05 ), #932, 'distance_accuracy_value', 'NONE');
#810 = CARTESIAN_POINT ( 'NONE',  ( -19.99999999999998934, 16.50000000000045830, -3.500000000000058620 ) ) ;
#811 = EDGE_LOOP ( 'NONE', ( #738, #736 ) ) ;
#812 = AXIS2_PLACEMENT_3D ( 'NONE', #365, #270, #373 ) ;
#813 = AXIS2_PLACEMENT_3D ( 'NONE', #873, #639, #3 ) ;
#814 = DIRECTION ( 'NONE',  ( 0.7071067811865444641, 8.659560562354894648E-17, -0.7071067811865505703 ) ) ;
#815 = ORIENTED_EDGE ( 'NONE', *, *, #207, .F. ) ;
#816 = LINE ( 'NONE', #36, #327 ) ;
#817 = VERTEX_POINT ( 'NONE', #707 ) ;
#818 = PRODUCT_DEFINITION_SHAPE ( 'NONE', 'NONE',  #1399 ) ;
#819 = DIRECTION ( 'NONE',  ( -1.000000000000000000, 0.000000000000000000, 0.000000000000000000 ) ) ;
#820 = DIRECTION ( 'NONE',  ( 0.000000000000000000, 0.000000000000000000, -1.000000000000000000 ) ) ;
#821 = ORIENTED_EDGE ( 'NONE', *, *, #293, .T. ) ;
#822 = AXIS2_PLACEMENT_3D ( 'NONE', #137, #1026, #901 ) ;
#823 = DIRECTION ( 'NONE',  ( 0.000000000000000000, 0.000000000000000000, -1.000000000000000000 ) ) ;
#824 = CARTESIAN_POINT ( 'NONE',  ( 28.69999999999996732, 5.000000000000365041, -2.000000000000001776 ) ) ;
#825 = EDGE_CURVE ( 'NONE', #658, #457, #590, .T. ) ;
#826 = DIRECTION ( 'NONE',  ( 0.000000000000000000, 0.000000000000000000, -1.000000000000000000 ) ) ;
#827 = EDGE_LOOP ( 'NONE', ( #627, #242 ) ) ;
#828 = DIRECTION ( 'NONE',  ( 1.000000000000000000, 0.000000000000000000, 0.000000000000000000 ) ) ;
#829 = VERTEX_POINT ( 'NONE', #1023 ) ;
#830 = DIRECTION ( 'NONE',  ( 0.000000000000000000, 0.000000000000000000, -1.000000000000000000 ) ) ;
#831 = APPLICATION_CONTEXT ( 'automotive_design' ) ;
#832 = CARTESIAN_POINT ( 'NONE',  ( 19.99999999999998934, 16.50000000000048672, -3.500000000000058620 ) ) ;
#833 = DIRECTION ( 'NONE',  ( 1.000000000000000000, 0.000000000000000000, 0.000000000000000000 ) ) ;
#834 = VECTOR ( 'NONE', #1368, 1000.000000000000000 ) ;
#835 = CARTESIAN_POINT ( 'NONE',  ( 19.99999999999998934, 15.00000000000006928, -3.500000000000169642 ) ) ;
#836 = ADVANCED_FACE ( 'NONE', ( #1150 ), #1017, .F. ) ;
#837 = CIRCLE ( 'NONE', #595, 4.999999999999997335 ) ;
#838 = FACE_OUTER_BOUND ( 'NONE', #436, .T. ) ;
#839 = FACE_OUTER_BOUND ( 'NONE', #340, .T. ) ;
#840 = APPLICATION_PROTOCOL_DEFINITION ( 'draft international standard', 'automotive_design', 1998, #197 ) ;
#841 = ORIENTED_EDGE ( 'NONE', *, *, #439, .F. ) ;
#842 = DIRECTION ( 'NONE',  ( 1.000000000000000000, 0.000000000000000000, 0.000000000000000000 ) ) ;
#843 = CIRCLE ( 'NONE', #586, 1.400000000000012124 ) ;
#844 = VERTEX_POINT ( 'NONE', #354 ) ;
#845 = AXIS2_PLACEMENT_3D ( 'NONE', #488, #792, #258 ) ;
#846 = FACE_OUTER_BOUND ( 'NONE', #366, .T. ) ;
#847 = CIRCLE ( 'NONE', #404, 2.499999999999995115 ) ;
#848 = EDGE_CURVE ( 'NONE', #893, #1161, #360, .T. ) ;
#849 = ITEM_DEFINED_TRANSFORMATION ( 'NONE', 'NONE', #59,  #432 ) ;
#850 = ORIENTED_EDGE ( 'NONE', *, *, #941, .F. ) ;
#851 = DIRECTION ( 'NONE',  ( 1.000000000000000000, 8.673617379884036705E-17, 0.000000000000000000 ) ) ;
#852 = CARTESIAN_POINT ( 'NONE',  ( -4.440892098500626162E-13, 0.000000000000000000, 78.90000000000001990 ) ) ;
#853 = PLANE ( 'NONE',  #619 ) ;
#854 = PRODUCT_CONTEXT ( 'NONE', #921, 'mechanical' ) ;
#855 = DIRECTION ( 'NONE',  ( 0.000000000000000000, 0.000000000000000000, -1.000000000000000000 ) ) ;
#856 = VECTOR ( 'NONE', #1070, 1000.000000000000000 ) ;
#857 = VECTOR ( 'NONE', #358, 1000.000000000000000 ) ;
#858 = CYLINDRICAL_SURFACE ( 'NONE', #1282, 5.000000000000000888 ) ;
#859 = DIRECTION ( 'NONE',  ( 0.7071067811865483499, 8.659560562354945184E-17, -0.7071067811865467956 ) ) ;
#860 = ORIENTED_EDGE ( 'NONE', *, *, #333, .T. ) ;
#861 = CARTESIAN_POINT ( 'NONE',  ( -38.99999999999997868, 15.00000000000006928, -3.500000000000169642 ) ) ;
#862 = VERTEX_POINT ( 'NONE', #1233 ) ;
#863 = CARTESIAN_POINT ( 'NONE',  ( -19.99999999999998934, 13.00000000000022027, -3.500000000000058620 ) ) ;
#864 = AXIS2_PLACEMENT_3D ( 'NONE', #549, #545, #1109 ) ;
#865 = ADVANCED_FACE ( 'NONE', ( #928 ), #1362, .F. ) ;
#866 = ORIENTED_EDGE ( 'NONE', *, *, #1091, .F. ) ;
#867 = CARTESIAN_POINT ( 'NONE',  ( 2.499999999999993783, -9.999999999999758415, -1.800000000000023803 ) ) ;
#868 = EDGE_LOOP ( 'NONE', ( #48, #860, #870, #1254 ) ) ;
#869 = PLANE ( 'NONE',  #250 ) ;
#870 = ORIENTED_EDGE ( 'NONE', *, *, #990, .F. ) ;
#871 = ORIENTED_EDGE ( 'NONE', *, *, #1352, .T. ) ;
#872 = DIRECTION ( 'NONE',  ( -1.000000000000000000, 0.000000000000000000, 0.000000000000000000 ) ) ;
#873 = CARTESIAN_POINT ( 'NONE',  ( 25.99999999999999645, 5.000000000000254019, 2.220446049250313081E-13 ) ) ;
#874 = CARTESIAN_POINT ( 'NONE',  ( 19.99999999999998934, 12.50000000000003908, 2.220446049250313081E-13 ) ) ;
#875 = CIRCLE ( 'NONE', #628, 3.500000000000000000 ) ;
#876 = ORIENTED_EDGE ( 'NONE', *, *, #293, .F. ) ;
#877 = EDGE_LOOP ( 'NONE', ( #260, #1323, #985, #623 ) ) ;
#878 = ADVANCED_FACE ( 'NONE', ( #50 ), #62, .F. ) ;
#879 = LINE ( 'NONE', #127, #149 ) ;
#880 = CARTESIAN_POINT ( 'NONE',  ( -40.00000000000000711, 12.74670786120460342, 0.0009999999998067110596 ) ) ;
#881 = DIRECTION ( 'NONE',  ( 0.000000000000000000, 0.000000000000000000, 1.000000000000000000 ) ) ;
#882 = ORIENTED_EDGE ( 'NONE', *, *, #589, .F. ) ;
#883 = AXIS2_PLACEMENT_3D ( 'NONE', #125, #998, #443 ) ;
#884 = EDGE_CURVE ( 'NONE', #631, #755, #475, .T. ) ;
#885 = EDGE_LOOP ( 'NONE', ( #1270, #988, #1321, #508 ) ) ;
#886 = FACE_OUTER_BOUND ( 'NONE', #1054, .T. ) ;
#887 = VECTOR ( 'NONE', #193, 1000.000000000000000 ) ;
#888 = DIRECTION ( 'NONE',  ( 0.7071067811865490160, 8.659560562354952580E-17, -0.7071067811865460184 ) ) ;
#889 = DIRECTION ( 'NONE',  ( -1.000000000000000000, -5.877471754111437540E-39, 0.000000000000000000 ) ) ;
#890 = CARTESIAN_POINT ( 'NONE',  ( -25.99999999999999645, 5.000000000000254019, 2.220446049250313081E-13 ) ) ;
#891 = ORIENTED_EDGE ( 'NONE', *, *, #591, .T. ) ;
#892 = VERTEX_POINT ( 'NONE', #239 ) ;
#893 = VERTEX_POINT ( 'NONE', #1143 ) ;
#894 = FACE_OUTER_BOUND ( 'NONE', #933, .T. ) ;
#895 = LINE ( 'NONE', #138, #533 ) ;
#896 = VERTEX_POINT ( 'NONE', #919 ) ;
#897 = CARTESIAN_POINT ( 'NONE',  ( 1.000000000000014655, 16.50000000000004263, -2.000000000000112799 ) ) ;
#898 = VERTEX_POINT ( 'NONE', #482 ) ;
#899 = AXIS2_PLACEMENT_3D ( 'NONE', #975, #548, #205 ) ;
#900 = EDGE_CURVE ( 'NONE', #773, #1257, #1355, .T. ) ;
#901 = DIRECTION ( 'NONE',  ( -1.000000000000000000, 0.000000000000000000, 0.000000000000000000 ) ) ;
#902 = DIRECTION ( 'NONE',  ( -1.000000000000000000, 0.000000000000000000, 0.000000000000000000 ) ) ;
#903 = EDGE_LOOP ( 'NONE', ( #287, #1176, #1024, #1307 ) ) ;
#904 = APPLICATION_CONTEXT ( 'automotive_design' ) ;
#905 = EDGE_CURVE ( 'NONE', #1277, #218, #1138, .T. ) ;
#906 = CARTESIAN_POINT ( 'NONE',  ( -1.400000000000456213, 0.000000000000000000, 79.00000000000001421 ) ) ;
#907 = ORIENTED_EDGE ( 'NONE', *, *, #884, .F. ) ;
#908 = AXIS2_PLACEMENT_3D ( 'NONE', #890, #994, #337 ) ;
#909 = CYLINDRICAL_SURFACE ( 'NONE', #778, 2.499999999999995115 ) ;
#910 = EDGE_CURVE ( 'NONE', #759, #1034, #636, .T. ) ;
#911 = DIRECTION ( 'NONE',  ( 0.000000000000000000, 0.000000000000000000, 1.000000000000000000 ) ) ;
#912 = CYLINDRICAL_SURFACE ( 'NONE', #1278, 1.500000000000000222 ) ;
#913 = CIRCLE ( 'NONE', #1386, 2.499999999999993783 ) ;
#914 = VECTOR ( 'NONE', #1184, 1000.000000000000000 ) ;
#915 = CARTESIAN_POINT ( 'NONE',  ( 23.50000000000000000, 5.000000000000254019, 2.220446049250313081E-13 ) ) ;
#916 = VERTEX_POINT ( 'NONE', #1060 ) ;
#917 = LINE ( 'NONE', #1353, #1384 ) ;
#918 = SHAPE_REPRESENTATION ( '003', ( #942, #59, #1373, #1218 ), #1039 ) ;
#919 = CARTESIAN_POINT ( 'NONE',  ( -40.00000000000000711, 12.74670786120488053, 2.220446049250313081E-13 ) ) ;
#920 = ORIENTED_EDGE ( 'NONE', *, *, #157, .T. ) ;
#921 = APPLICATION_CONTEXT ( 'automotive_design' ) ;
#922 = AXIS2_PLACEMENT_3D ( 'NONE', #43, #380, #61 ) ;
#923 = DIRECTION ( 'NONE',  ( -1.000000000000000000, -8.673617379884098581E-14, 0.000000000000000000 ) ) ;
#924 = EDGE_CURVE ( 'NONE', #763, #892, #949, .T. ) ;
#925 = VECTOR ( 'NONE', #1181, 1000.000000000000000 ) ;
#926 = DIRECTION ( 'NONE',  ( -1.000000000000000000, 9.130123557772694219E-17, 9.244463733058732095E-33 ) ) ;
#927 = ORIENTED_EDGE ( 'NONE', *, *, #229, .F. ) ;
#928 = FACE_OUTER_BOUND ( 'NONE', #783, .T. ) ;
#929 = EDGE_CURVE ( 'NONE', #134, #796, #202, .T. ) ;
#930 = CARTESIAN_POINT ( 'NONE',  ( 35.00000000000000000, -14.99999999999976374, -2.000000000000112799 ) ) ;
#931 = DIRECTION ( 'NONE',  ( 0.000000000000000000, 0.000000000000000000, -1.000000000000000000 ) ) ;
#932 =( LENGTH_UNIT ( ) NAMED_UNIT ( * ) SI_UNIT ( .MILLI., .METRE. ) );
#933 = EDGE_LOOP ( 'NONE', ( #402, #1343, #1265, #1015 ) ) ;
#934 = FILL_AREA_STYLE_COLOUR ( '', #575 ) ;
#935 = VECTOR ( 'NONE', #651, 1000.000000000000000 ) ;
#936 = DIRECTION ( 'NONE',  ( -0.000000000000000000, -0.000000000000000000, 1.000000000000000000 ) ) ;
#937 = DIRECTION ( 'NONE',  ( 1.734723475976806601E-16, -1.000000000000000000, 0.000000000000000000 ) ) ;
#938 =( NAMED_UNIT ( * ) SI_UNIT ( $, .STERADIAN. ) SOLID_ANGLE_UNIT ( ) );
#939 = ORIENTED_EDGE ( 'NONE', *, *, #1287, .F. ) ;
#940 = CARTESIAN_POINT ( 'NONE',  ( 0.000000000000000000, 0.000000000000000000, 0.000000000000000000 ) ) ;
#941 = EDGE_CURVE ( 'NONE', #598, #134, #1248, .T. ) ;
#942 = AXIS2_PLACEMENT_3D ( 'NONE', #286, #727, #945 ) ;
#943 = LINE ( 'NONE', #278, #1122 ) ;
#944 = DIRECTION ( 'NONE',  ( 0.000000000000000000, 0.000000000000000000, -1.000000000000000000 ) ) ;
#945 = DIRECTION ( 'NONE',  ( 1.000000000000000000, 0.000000000000000000, 0.000000000000000000 ) ) ;
#946 = ADVANCED_FACE ( 'NONE', ( #386 ), #462, .F. ) ;
#947 = ORIENTED_EDGE ( 'NONE', *, *, #333, .F. ) ;
#948 = AXIS2_PLACEMENT_3D ( 'NONE', #686, #264, #1342 ) ;
#949 = LINE ( 'NONE', #622, #834 ) ;
#950 = ORIENTED_EDGE ( 'NONE', *, *, #990, .T. ) ;
#951 = ADVANCED_FACE ( 'NONE', ( #1175 ), #629, .T. ) ;
#952 = DIRECTION ( 'NONE',  ( -1.000000000000000000, -2.938735877055719422E-39, -0.000000000000000000 ) ) ;
#953 = ITEM_DEFINED_TRANSFORMATION ( 'NONE', 'NONE', #1373,  #432 ) ;
#954 = ORIENTED_EDGE ( 'NONE', *, *, #120, .F. ) ;
#955 = LINE ( 'NONE', #1046, #262 ) ;
#956 = CIRCLE ( 'NONE', #1235, 5.000000000000000888 ) ;
#957 = AXIS2_PLACEMENT_3D ( 'NONE', #73, #1365, #1371 ) ;
#958 = DIRECTION ( 'NONE',  ( 0.000000000000000000, 0.000000000000000000, 1.000000000000000000 ) ) ;
#959 = SHAPE_DEFINITION_REPRESENTATION ( #713, #963 ) ;
#960 = DIRECTION ( 'NONE',  ( -1.000000000000000000, 0.000000000000000000, 0.000000000000000000 ) ) ;
#961 = CARTESIAN_POINT ( 'NONE',  ( 35.00000000000000000, -14.99999999999976374, -2.000000000000112799 ) ) ;
#962 = EDGE_CURVE ( 'NONE', #221, #1161, #393, .T. ) ;
#963 = SHAPE_REPRESENTATION ( '0002', ( #432 ), #175 ) ;
#964 = DIRECTION ( 'NONE',  ( -1.000000000000000000, -5.877471754111437540E-39, 0.000000000000000000 ) ) ;
#965 = SURFACE_SIDE_STYLE ('',( #98 ) ) ;
#966 = EDGE_CURVE ( 'NONE', #1380, #341, #410, .T. ) ;
#967 = FACE_OUTER_BOUND ( 'NONE', #885, .T. ) ;
#968 = VECTOR ( 'NONE', #692, 1000.000000000000000 ) ;
#969 = EDGE_LOOP ( 'NONE', ( #979, #1304, #56, #351, #1049, #68, #16, #1226, #954, #989, #418, #257, #774, #282 ) ) ;
#970 = VECTOR ( 'NONE', #105, 1000.000000000000000 ) ;
#971 = CYLINDRICAL_SURFACE ( 'NONE', #1238, 1.499999999999997780 ) ;
#972 = EDGE_CURVE ( 'NONE', #598, #862, #735, .T. ) ;
#973 = PLANE ( 'NONE',  #1209 ) ;
#974 = ORIENTED_EDGE ( 'NONE', *, *, #848, .T. ) ;
#975 = CARTESIAN_POINT ( 'NONE',  ( 25.99999999999999645, 5.000000000000060396, -2.000000000000001776 ) ) ;
#976 = ORIENTED_EDGE ( 'NONE', *, *, #652, .T. ) ;
#977 =( REPRESENTATION_RELATIONSHIP ('NONE','NONE', #918, #963 ) REPRESENTATION_RELATIONSHIP_WITH_TRANSFORMATION ( #953 )SHAPE_REPRESENTATION_RELATIONSHIP( ) );
#978 = CARTESIAN_POINT ( 'NONE',  ( -25.99999999999999645, 5.000000000000060396, -2.000000000000001776 ) ) ;
#979 = ORIENTED_EDGE ( 'NONE', *, *, #1348, .T. ) ;
#980 = ORIENTED_EDGE ( 'NONE', *, *, #171, .F. ) ;
#981 = FACE_OUTER_BOUND ( 'NONE', #603, .T. ) ;
#982 = CONICAL_SURFACE ( 'NONE', #8, 2.499999999999995115, 0.7853981633974504994 ) ;
#983 = AXIS2_PLACEMENT_3D ( 'NONE', #709, #936, #200 ) ;
#984 = FACE_OUTER_BOUND ( 'NONE', #1310, .T. ) ;
#985 = ORIENTED_EDGE ( 'NONE', *, *, #306, .T. ) ;
#986 = ADVANCED_FACE ( 'NONE', ( #1053 ), #743, .T. ) ;
#987 = CARTESIAN_POINT ( 'NONE',  ( 39.99999999999997868, 20.00000000000044764, -2.000000000000112799 ) ) ;
#988 = ORIENTED_EDGE ( 'NONE', *, *, #1019, .T. ) ;
#989 = ORIENTED_EDGE ( 'NONE', *, *, #757, .F. ) ;
#990 = EDGE_CURVE ( 'NONE', #1161, #221, #83, .T. ) ;
#991 = PLANE ( 'NONE',  #492 ) ;
#992 = CIRCLE ( 'NONE', #648, 2.499999999999993783 ) ;
#993 = CARTESIAN_POINT ( 'NONE',  ( 0.000000000000000000, 1.249000902703301108E-13, -2.000000000000001776 ) ) ;
#994 = DIRECTION ( 'NONE',  ( 0.000000000000000000, 0.000000000000000000, -1.000000000000000000 ) ) ;
#995 = ADVANCED_FACE ( 'NONE', ( #277 ), #722, .T. ) ;
#996 = ORIENTED_EDGE ( 'NONE', *, *, #268, .F. ) ;
#997 = EDGE_LOOP ( 'NONE', ( #947, #1192, #974, #345 ) ) ;
#998 = DIRECTION ( 'NONE',  ( 0.000000000000000000, 0.000000000000000000, -1.000000000000000000 ) ) ;
#999 = APPLICATION_CONTEXT ( 'automotive_design' ) ;
#1000 = DIRECTION ( 'NONE',  ( 1.000000000000000000, 2.938735877055719422E-39, 0.000000000000000000 ) ) ;
#1001 = DIRECTION ( 'NONE',  ( -1.000000000000000000, -1.137207612029248649E-13, 0.000000000000000000 ) ) ;
#1002 = LINE ( 'NONE', #1329, #615 ) ;
#1003 = ORIENTED_EDGE ( 'NONE', *, *, #12, .T. ) ;
#1004 = EDGE_LOOP ( 'NONE', ( #1357, #1097 ) ) ;
#1005 = ORIENTED_EDGE ( 'NONE', *, *, #89, .T. ) ;
#1006 = CARTESIAN_POINT ( 'NONE',  ( -18.99999999999998934, 12.50000000000023270, -2.000000000000001776 ) ) ;
#1007 = VECTOR ( 'NONE', #84, 1000.000000000000000 ) ;
#1008 = LINE ( 'NONE', #152, #605 ) ;
#1009 = DIRECTION ( 'NONE',  ( 1.000000000000000000, 2.938735877055719422E-39, 0.000000000000000000 ) ) ;
#1010 = VERTEX_POINT ( 'NONE', #520 ) ;
#1011 = LINE ( 'NONE', #1147, #588 ) ;
#1012 = EDGE_CURVE ( 'NONE', #147, #505, #875, .T. ) ;
#1013 = CARTESIAN_POINT ( 'NONE',  ( 0.000000000000000000, 0.000000000000000000, 1.000000000000000888 ) ) ;
#1014 = EDGE_CURVE ( 'NONE', #241, #254, #1195, .T. ) ;
#1015 = ORIENTED_EDGE ( 'NONE', *, *, #825, .F. ) ;
#1016 = PRODUCT_DEFINITION_FORMATION_WITH_SPECIFIED_SOURCE ( 'ANY', '', #469, .NOT_KNOWN. ) ;
#1017 = PLANE ( 'NONE',  #922 ) ;
#1018 = ORIENTED_EDGE ( 'NONE', *, *, #802, .T. ) ;
#1019 = EDGE_CURVE ( 'NONE', #82, #318, #955, .T. ) ;
#1020 = CARTESIAN_POINT ( 'NONE',  ( 19.99999999999998934, 16.50000000000004263, -2.000000000000112799 ) ) ;
#1021 = CARTESIAN_POINT ( 'NONE',  ( 19.99999999999998934, 16.50000000000034817, 2.220446049250313081E-13 ) ) ;
#1022 = ORIENTED_EDGE ( 'NONE', *, *, #353, .F. ) ;
#1023 = CARTESIAN_POINT ( 'NONE',  ( -39.99999999999997868, -14.99999999999998579, 3.330669073875469621E-13 ) ) ;
#1024 = ORIENTED_EDGE ( 'NONE', *, *, #1123, .F. ) ;
#1025 = VECTOR ( 'NONE', #888, 1000.000000000000227 ) ;
#1026 = DIRECTION ( 'NONE',  ( 0.000000000000000000, 0.000000000000000000, -1.000000000000000000 ) ) ;
#1027 = DIRECTION ( 'NONE',  ( 0.000000000000000000, 0.000000000000000000, -1.000000000000000000 ) ) ;
#1028 = MANIFOLD_SOLID_BREP ( 'Chamfer1', #681 ) ;
#1029 = AXIS2_PLACEMENT_3D ( 'NONE', #294, #279, #826 ) ;
#1030 = VECTOR ( 'NONE', #27, 1000.000000000000000 ) ;
#1031 = DIRECTION ( 'NONE',  ( 0.000000000000000000, -1.000000000000000000, 1.102788495442399540E-14 ) ) ;
#1032 = ORIENTED_EDGE ( 'NONE', *, *, #251, .T. ) ;
#1033 = CARTESIAN_POINT ( 'NONE',  ( -25.99999999999999645, 5.000000000000060396, -2.000000000000001776 ) ) ;
#1034 = VERTEX_POINT ( 'NONE', #4 ) ;
#1035 = EDGE_CURVE ( 'NONE', #896, #114, #499, .T. ) ;
#1036 = DIRECTION ( 'NONE',  ( -2.938735877055718117E-39, 1.000000000000000000, 0.000000000000000000 ) ) ;
#1037 = PRODUCT_DEFINITION_CONTEXT ( 'detailed design', #999, 'design' ) ;
#1038 = LINE ( 'NONE', #1130, #42 ) ;
#1039 =( GEOMETRIC_REPRESENTATION_CONTEXT ( 3 ) GLOBAL_UNCERTAINTY_ASSIGNED_CONTEXT ( ( #169 ) ) GLOBAL_UNIT_ASSIGNED_CONTEXT ( ( #711, #67, #938 ) ) REPRESENTATION_CONTEXT ( 'NONE', 'WORKASPACE' ) );
#1040 = EDGE_CURVE ( 'NONE', #9, #249, #313, .T. ) ;
#1041 = AXIS2_PLACEMENT_3D ( 'NONE', #162, #170, #467 ) ;
#1042 = DIRECTION ( 'NONE',  ( 0.000000000000000000, 0.000000000000000000, 1.000000000000000000 ) ) ;
#1043 = VECTOR ( 'NONE', #1239, 1000.000000000000000 ) ;
#1044 = CARTESIAN_POINT ( 'NONE',  ( -38.99999999999997868, 13.00000000000022027, -3.500000000000058620 ) ) ;
#1045 = ORIENTED_EDGE ( 'NONE', *, *, #65, .T. ) ;
#1046 = CARTESIAN_POINT ( 'NONE',  ( 39.99999999999997868, -14.99999999999976374, -2.000000000000112799 ) ) ;
#1047 = LINE ( 'NONE', #1164, #1346 ) ;
#1048 = DIRECTION ( 'NONE',  ( -1.000000000000000000, -1.734723475976806601E-16, 5.546678239835239257E-32 ) ) ;
#1049 = ORIENTED_EDGE ( 'NONE', *, *, #49, .T. ) ;
#1050 = CIRCLE ( 'NONE', #908, 2.499999999999995115 ) ;
#1051 = CONICAL_SURFACE ( 'NONE', #822, 2.499999999999993783, 0.7853981633974492782 ) ;
#1052 = MANIFOLD_SOLID_BREP ( 'Chamfer1', #445 ) ;
#1053 = FACE_OUTER_BOUND ( 'NONE', #1144, .T. ) ;
#1054 = EDGE_LOOP ( 'NONE', ( #483, #1216, #536, #1341 ) ) ;
#1055 = VECTOR ( 'NONE', #343, 1000.000000000000000 ) ;
#1056 = CARTESIAN_POINT ( 'NONE',  ( 1.000000000000014655, 12.50000000000023270, -2.000000000000001776 ) ) ;
#1057 = CARTESIAN_POINT ( 'NONE',  ( 19.99999999999998934, 13.00000000000023448, -3.500000000000058620 ) ) ;
#1058 = SHAPE_REPRESENTATION_RELATIONSHIP ( 'NONE' , 'NONE' ,  #963, #801 ) ;
#1059 = ADVANCED_FACE ( 'NONE', ( #530 ), #1290, .T. ) ;
#1060 = CARTESIAN_POINT ( 'NONE',  ( 2.499999999999993783, -9.999999999999758415, 2.220446049250313081E-13 ) ) ;
#1061 = ORIENTED_EDGE ( 'NONE', *, *, #389, .T. ) ;
#1062 = FACE_OUTER_BOUND ( 'NONE', #1080, .T. ) ;
#1063 = CARTESIAN_POINT ( 'NONE',  ( 25.99999999999999645, 5.000000000000365041, -1.800000000000023803 ) ) ;
#1064 = ORIENTED_EDGE ( 'NONE', *, *, #357, .F. ) ;
#1065 = STYLED_ITEM ( 'NONE', ( #289 ), #1028 ) ;
#1066 = DIRECTION ( 'NONE',  ( 1.000000000000000000, 0.000000000000000000, 0.000000000000000000 ) ) ;
#1067 = SHAPE_REPRESENTATION ( '0001', ( #432 ), #38 ) ;
#1068 = CYLINDRICAL_SURFACE ( 'NONE', #1177, 1.500000000000000222 ) ;
#1069 = CARTESIAN_POINT ( 'NONE',  ( -40.00000000000000711, 20.00000000000044764, -2.000000000000112799 ) ) ;
#1070 = DIRECTION ( 'NONE',  ( -1.000000000000000000, -2.938735877055719422E-39, -0.000000000000000000 ) ) ;
#1071 = EDGE_CURVE ( 'NONE', #5, #829, #1189, .T. ) ;
#1072 = FACE_OUTER_BOUND ( 'NONE', #903, .T. ) ;
#1073 = SHAPE_DEFINITION_REPRESENTATION ( #1116, #918 ) ;
#1074 = PLANE ( 'NONE',  #1225 ) ;
#1075 = CARTESIAN_POINT ( 'NONE',  ( -2.499999999999993783, -9.999999999999758415, -2.000000000000001776 ) ) ;
#1076 = ADVANCED_FACE ( 'NONE', ( #770 ), #1305, .F. ) ;
#1077 = CARTESIAN_POINT ( 'NONE',  ( -19.99999999999998934, 0.000000000000000000, 0.000000000000000000 ) ) ;
#1078 = PLANE ( 'NONE',  #206 ) ;
#1079 = PRODUCT_RELATED_PRODUCT_CATEGORY ( 'part', '', ( #288 ) ) ;
#1080 = EDGE_LOOP ( 'NONE', ( #950, #1163, #1018, #421 ) ) ;
#1081 = DIRECTION ( 'NONE',  ( -1.000000000000000000, 0.000000000000000000, 0.000000000000000000 ) ) ;
#1082 = CIRCLE ( 'NONE', #198, 2.699999999999980194 ) ;
#1083 = FILL_AREA_STYLE ('',( #644 ) ) ;
#1084 = VERTEX_POINT ( 'NONE', #747 ) ;
#1085 = AXIS2_PLACEMENT_3D ( 'NONE', #342, #25, #1220 ) ;
#1086 = CARTESIAN_POINT ( 'NONE',  ( -4.440892098500626162E-13, 0.000000000000000000, 79.00000000000001421 ) ) ;
#1087 = ORIENTED_EDGE ( 'NONE', *, *, #357, .T. ) ;
#1088 = ORIENTED_EDGE ( 'NONE', *, *, #65, .F. ) ;
#1089 = FACE_OUTER_BOUND ( 'NONE', #551, .T. ) ;
#1090 = VECTOR ( 'NONE', #633, 1000.000000000000000 ) ;
#1091 = EDGE_CURVE ( 'NONE', #1190, #379, #414, .T. ) ;
#1092 = CARTESIAN_POINT ( 'NONE',  ( -23.50000000000000000, 5.000000000000060396, -1.800000000000023803 ) ) ;
#1093 = ORIENTED_EDGE ( 'NONE', *, *, #353, .T. ) ;
#1094 = DIRECTION ( 'NONE',  ( 2.938735877055718117E-39, -1.000000000000000000, 0.000000000000000000 ) ) ;
#1095 = VECTOR ( 'NONE', #926, 1000.000000000000000 ) ;
#1096 = ORIENTED_EDGE ( 'NONE', *, *, #924, .T. ) ;
#1097 = ORIENTED_EDGE ( 'NONE', *, *, #6, .T. ) ;
#1098 = VECTOR ( 'NONE', #99, 1000.000000000000000 ) ;
#1099 = LINE ( 'NONE', #1069, #466 ) ;
#1100 = ADVANCED_FACE ( 'NONE', ( #967 ), #301, .T. ) ;
#1101 = CARTESIAN_POINT ( 'NONE',  ( 0.000000000000000000, -9.999999999999758415, -2.000000000000001776 ) ) ;
#1102 = FACE_OUTER_BOUND ( 'NONE', #44, .T. ) ;
#1103 = ORIENTED_EDGE ( 'NONE', *, *, #1370, .T. ) ;
#1104 = ORIENTED_EDGE ( 'NONE', *, *, #715, .F. ) ;
#1105 = AXIS2_PLACEMENT_3D ( 'NONE', #74, #718, #1153 ) ;
#1106 = CARTESIAN_POINT ( 'NONE',  ( 0.000000000000000000, -9.999999999999994671, -1.800000000000023803 ) ) ;
#1107 =( GEOMETRIC_REPRESENTATION_CONTEXT ( 3 ) GLOBAL_UNCERTAINTY_ASSIGNED_CONTEXT ( ( #493 ) ) GLOBAL_UNIT_ASSIGNED_CONTEXT ( ( #654, #1294, #1306 ) ) REPRESENTATION_CONTEXT ( 'NONE', 'WORKASPACE' ) );
#1108 = LINE ( 'NONE', #668, #659 ) ;
#1109 = DIRECTION ( 'NONE',  ( -1.000000000000000000, 0.000000000000000000, 0.000000000000000000 ) ) ;
#1110 = DIRECTION ( 'NONE',  ( -0.000000000000000000, -0.000000000000000000, 1.000000000000000000 ) ) ;
#1111 = AXIS2_PLACEMENT_3D ( 'NONE', #785, #237, #677 ) ;
#1112 = ORIENTED_EDGE ( 'NONE', *, *, #171, .T. ) ;
#1113 = VERTEX_POINT ( 'NONE', #660 ) ;
#1114 = ORIENTED_EDGE ( 'NONE', *, *, #408, .F. ) ;
#1115 = CARTESIAN_POINT ( 'NONE',  ( -19.99999999999998934, 15.50000000000000000, -2.000000000000112799 ) ) ;
#1116 = PRODUCT_DEFINITION_SHAPE ( 'NONE', 'NONE',  #740 ) ;
#1117 = CARTESIAN_POINT ( 'NONE',  ( -38.99999999999997868, 16.50000000000001421, -2.000000000000112799 ) ) ;
#1118 = CARTESIAN_POINT ( 'NONE',  ( -19.99999999999998934, 15.00000000000006928, -3.500000000000169642 ) ) ;
#1119 = DIRECTION ( 'NONE',  ( 0.000000000000000000, 0.000000000000000000, -1.000000000000000000 ) ) ;
#1120 = ORIENTED_EDGE ( 'NONE', *, *, #195, .F. ) ;
#1121 = CIRCLE ( 'NONE', #883, 2.499999999999995115 ) ;
#1122 = VECTOR ( 'NONE', #618, 1000.000000000000000 ) ;
#1123 = EDGE_CURVE ( 'NONE', #829, #578, #1180, .T. ) ;
#1124 = PRODUCT_DEFINITION ( 'UNKNOWN', '', #347, #1037 ) ;
#1125 = CARTESIAN_POINT ( 'NONE',  ( -39.99999999999997868, -14.99999999999976374, -2.000000000000112799 ) ) ;
#1126 = CARTESIAN_POINT ( 'NONE',  ( -2.499999999999993783, -9.999999999999994671, -1.800000000000023803 ) ) ;
#1127 = VECTOR ( 'NONE', #1188, 1000.000000000000000 ) ;
#1128 = CYLINDRICAL_SURFACE ( 'NONE', #1393, 1.499999999999994449 ) ;
#1129 = EDGE_CURVE ( 'NONE', #317, #400, #321, .T. ) ;
#1130 = CARTESIAN_POINT ( 'NONE',  ( 23.50000000000000000, 5.000000000000060396, -2.000000000000001776 ) ) ;
#1131 = ORIENTED_EDGE ( 'NONE', *, *, #825, .T. ) ;
#1132 =( REPRESENTATION_RELATIONSHIP ('NONE','NONE', #918, #1067 ) REPRESENTATION_RELATIONSHIP_WITH_TRANSFORMATION ( #1390 )SHAPE_REPRESENTATION_RELATIONSHIP( ) );
#1133 = DIRECTION ( 'NONE',  ( 0.000000000000000000, 0.000000000000000000, -1.000000000000000000 ) ) ;
#1134 = CARTESIAN_POINT ( 'NONE',  ( 35.00000000000000000, -19.99999999999958789, -2.000000000000001776 ) ) ;
#1135 = EDGE_LOOP ( 'NONE', ( #322, #331 ) ) ;
#1136 = CARTESIAN_POINT ( 'NONE',  ( 0.000000000000000000, -9.999999999999758415, -2.000000000000001776 ) ) ;
#1137 = ORIENTED_EDGE ( 'NONE', *, *, #1141, .F. ) ;
#1138 = CIRCLE ( 'NONE', #812, 3.499999999999998668 ) ;
#1139 = CYLINDRICAL_SURFACE ( 'NONE', #1236, 2.499999999999995115 ) ;
#1140 = DIRECTION ( 'NONE',  ( 3.221869081074272412E-53, -1.096345236817342084E-14, -1.000000000000000000 ) ) ;
#1141 = EDGE_CURVE ( 'NONE', #578, #324, #409, .T. ) ;
#1142 = VECTOR ( 'NONE', #1377, 1000.000000000000000 ) ;
#1143 = CARTESIAN_POINT ( 'NONE',  ( -1.400000000000456213, 0.000000000000000000, 79.00000000000001421 ) ) ;
#1144 = EDGE_LOOP ( 'NONE', ( #675, #1200, #663, #1227 ) ) ;
#1145 = EDGE_CURVE ( 'NONE', #807, #5, #1099, .T. ) ;
#1146 = CIRCLE ( 'NONE', #1319, 2.499999999999995115 ) ;
#1147 = CARTESIAN_POINT ( 'NONE',  ( -19.99999999999998934, 12.50000000000051159, 0.0009999999999177333621 ) ) ;
#1148 = AXIS2_PLACEMENT_3D ( 'NONE', #832, #725, #820 ) ;
#1149 = EDGE_CURVE ( 'NONE', #1380, #658, #1297, .T. ) ;
#1150 = FACE_OUTER_BOUND ( 'NONE', #435, .T. ) ;
#1151 = DIRECTION ( 'NONE',  ( 0.000000000000000000, 0.000000000000000000, -1.000000000000000000 ) ) ;
#1152 = CARTESIAN_POINT ( 'NONE',  ( 0.000000000000000000, -9.999999999999980460, 2.220446049250313081E-13 ) ) ;
#1153 = DIRECTION ( 'NONE',  ( 1.000000000000000000, 0.000000000000000000, 0.000000000000000000 ) ) ;
#1154 = VERTEX_POINT ( 'NONE', #1092 ) ;
#1155 = DIRECTION ( 'NONE',  ( -0.7071067811865490160, -4.156000133564598687E-39, -0.7071067811865460184 ) ) ;
#1156 = AXIS2_PLACEMENT_3D ( 'NONE', #1336, #1247, #823 ) ;
#1157 = CARTESIAN_POINT ( 'NONE',  ( -4.440892098500626162E-13, 0.000000000000000000, 79.00000000000001421 ) ) ;
#1158 = CIRCLE ( 'NONE', #899, 2.699999999999980194 ) ;
#1159 = PLANE ( 'NONE',  #957 ) ;
#1160 = DIRECTION ( 'NONE',  ( -3.491481338843133355E-15, 0.000000000000000000, -1.000000000000000000 ) ) ;
#1161 = VERTEX_POINT ( 'NONE', #535 ) ;
#1162 = CARTESIAN_POINT ( 'NONE',  ( 0.000000000000000000, -9.999999999999994671, -1.800000000000023803 ) ) ;
#1163 = ORIENTED_EDGE ( 'NONE', *, *, #607, .T. ) ;
#1164 = CARTESIAN_POINT ( 'NONE',  ( 19.99999999999998934, 15.00000000000006928, -3.500000000000169642 ) ) ;
#1165 = EDGE_CURVE ( 'NONE', #397, #246, #1158, .T. ) ;
#1166 = FACE_OUTER_BOUND ( 'NONE', #1234, .T. ) ;
#1167 = ORIENTED_EDGE ( 'NONE', *, *, #90, .T. ) ;
#1168 = ORIENTED_EDGE ( 'NONE', *, *, #1252, .T. ) ;
#1169 = AXIS2_PLACEMENT_3D ( 'NONE', #272, #1283, #724 ) ;
#1170 = EDGE_CURVE ( 'NONE', #804, #763, #371, .T. ) ;
#1171 = DIRECTION ( 'NONE',  ( -1.000000000000000000, 0.000000000000000000, 0.000000000000000000 ) ) ;
#1172 = FACE_BOUND ( 'NONE', #465, .T. ) ;
#1173 =( NAMED_UNIT ( * ) SI_UNIT ( $, .STERADIAN. ) SOLID_ANGLE_UNIT ( ) );
#1174 = ORIENTED_EDGE ( 'NONE', *, *, #1284, .F. ) ;
#1175 = FACE_OUTER_BOUND ( 'NONE', #1301, .T. ) ;
#1176 = ORIENTED_EDGE ( 'NONE', *, *, #702, .F. ) ;
#1177 = AXIS2_PLACEMENT_3D ( 'NONE', #1157, #1151, #509 ) ;
#1178 = DIRECTION ( 'NONE',  ( -0.000000000000000000, -0.000000000000000000, 1.000000000000000000 ) ) ;
#1179 = MECHANICAL_DESIGN_GEOMETRIC_PRESENTATION_REPRESENTATION (  '', ( #1065 ), #673 ) ;
#1180 = CIRCLE ( 'NONE', #352, 4.999999999999997335 ) ;
#1181 = DIRECTION ( 'NONE',  ( 0.000000000000000000, 0.000000000000000000, -1.000000000000000000 ) ) ;
#1182 = DIRECTION ( 'NONE',  ( 0.000000000000000000, 0.000000000000000000, 1.000000000000000000 ) ) ;
#1183 = ADVANCED_FACE ( 'NONE', ( #201, #1245 ), #1074, .T. ) ;
#1184 = DIRECTION ( 'NONE',  ( -2.938735877055718117E-39, 1.000000000000000000, 0.000000000000000000 ) ) ;
#1185 = EDGE_CURVE ( 'NONE', #1161, #234, #97, .T. ) ;
#1186 = DIRECTION ( 'NONE',  ( 0.000000000000000000, 0.000000000000000000, -1.000000000000000000 ) ) ;
#1187 = AXIS2_PLACEMENT_3D ( 'NONE', #993, #662, #889 ) ;
#1188 = DIRECTION ( 'NONE',  ( 1.000000000000000000, 2.938735877055719422E-39, 0.000000000000000000 ) ) ;
#1189 = LINE ( 'NONE', #1312, #412 ) ;
#1190 = VERTEX_POINT ( 'NONE', #867 ) ;
#1191 = FACE_OUTER_BOUND ( 'NONE', #997, .T. ) ;
#1192 = ORIENTED_EDGE ( 'NONE', *, *, #528, .F. ) ;
#1193 = DIRECTION ( 'NONE',  ( 0.000000000000000000, -1.000000000000000000, 1.102788495442400644E-14 ) ) ;
#1194 = CARTESIAN_POINT ( 'NONE',  ( -1.500000000000444311, 0.000000000000000000, 79.00000000000001421 ) ) ;
#1195 = CIRCLE ( 'NONE', #1221, 3.499999999999998668 ) ;
#1196 = ORIENTED_EDGE ( 'NONE', *, *, #1252, .F. ) ;
#1197 = ADVANCED_FACE ( 'NONE', ( #217 ), #991, .F. ) ;
#1198 = CARTESIAN_POINT ( 'NONE',  ( -19.99999999999998934, 16.50000000000045830, -3.500000000000058620 ) ) ;
#1199 = ORIENTED_EDGE ( 'NONE', *, *, #425, .T. ) ;
#1200 = ORIENTED_EDGE ( 'NONE', *, *, #1019, .F. ) ;
#1201 = CARTESIAN_POINT ( 'NONE',  ( -38.99999999999997868, 16.50000000000001421, -2.000000000000112799 ) ) ;
#1202 = ADVANCED_FACE ( 'NONE', ( #984 ), #1285, .T. ) ;
#1203 = CARTESIAN_POINT ( 'NONE',  ( 2.499999999999993783, -9.999999999999994671, -1.800000000000023803 ) ) ;
#1204 = FACE_BOUND ( 'NONE', #1135, .T. ) ;
#1205 = VECTOR ( 'NONE', #1036, 1000.000000000000000 ) ;
#1206 = ORIENTED_EDGE ( 'NONE', *, *, #884, .T. ) ;
#1207 = ORIENTED_EDGE ( 'NONE', *, *, #1222, .T. ) ;
#1208 = AXIS2_PLACEMENT_3D ( 'NONE', #611, #1048, #937 ) ;
#1209 = AXIS2_PLACEMENT_3D ( 'NONE', #112, #964, #958 ) ;
#1210 = DIRECTION ( 'NONE',  ( 1.000000000000000000, 0.000000000000000000, 0.000000000000000000 ) ) ;
#1211 = CARTESIAN_POINT ( 'NONE',  ( -4.440892098500626162E-13, 0.000000000000000000, 79.00000000000001421 ) ) ;
#1212 = CARTESIAN_POINT ( 'NONE',  ( -19.99999999999998934, 16.50000000000001421, -2.000000000000112799 ) ) ;
#1213 = DIRECTION ( 'NONE',  ( 0.000000000000000000, 0.000000000000000000, -1.000000000000000000 ) ) ;
#1214 = EDGE_LOOP ( 'NONE', ( #541, #789, #1351, #1032 ) ) ;
#1215 = ORIENTED_EDGE ( 'NONE', *, *, #434, .T. ) ;
#1216 = ORIENTED_EDGE ( 'NONE', *, *, #506, .F. ) ;
#1217 = ADVANCED_FACE ( 'NONE', ( #444 ), #253, .T. ) ;
#1218 = AXIS2_PLACEMENT_3D ( 'NONE', #378, #1379, #626 ) ;
#1219 = CARTESIAN_POINT ( 'NONE',  ( -28.49999999999998934, 5.000000000000254019, 2.220446049250313081E-13 ) ) ;
#1220 = DIRECTION ( 'NONE',  ( 0.000000000000000000, 0.000000000000000000, -1.000000000000000000 ) ) ;
#1221 = AXIS2_PLACEMENT_3D ( 'NONE', #88, #196, #69 ) ;
#1222 = EDGE_CURVE ( 'NONE', #249, #156, #698, .T. ) ;
#1223 = PLANE ( 'NONE',  #1187 ) ;
#1224 = CARTESIAN_POINT ( 'NONE',  ( 39.99999999999997868, -14.99999999999998579, 3.330669073875469621E-13 ) ) ;
#1225 = AXIS2_PLACEMENT_3D ( 'NONE', #762, #525, #422 ) ;
#1226 = ORIENTED_EDGE ( 'NONE', *, *, #966, .T. ) ;
#1227 = ORIENTED_EDGE ( 'NONE', *, *, #1324, .F. ) ;
#1228 = ORIENTED_EDGE ( 'NONE', *, *, #1352, .F. ) ;
#1229 = DIRECTION ( 'NONE',  ( -1.000000000000000000, -5.877471754111437540E-39, 0.000000000000000000 ) ) ;
#1230 = ADVANCED_FACE ( 'NONE', ( #886 ), #806, .F. ) ;
#1231 = DIRECTION ( 'NONE',  ( -1.000000000000000000, 9.130123557772685590E-17, 4.622231866529366047E-33 ) ) ;
#1232 = ORIENTED_EDGE ( 'NONE', *, *, #425, .F. ) ;
#1233 = CARTESIAN_POINT ( 'NONE',  ( 19.99999999999998934, 13.00000000000023448, -3.500000000000058620 ) ) ;
#1234 = EDGE_LOOP ( 'NONE', ( #77, #582, #841, #1232 ) ) ;
#1235 = AXIS2_PLACEMENT_3D ( 'NONE', #788, #1110, #550 ) ;
#1236 = AXIS2_PLACEMENT_3D ( 'NONE', #1033, #158, #244 ) ;
#1237 = CARTESIAN_POINT ( 'NONE',  ( 20.99999999999998934, 12.50000000000051159, 0.0009999999999177333621 ) ) ;
#1238 = AXIS2_PLACEMENT_3D ( 'NONE', #558, #1318, #447 ) ;
#1239 = DIRECTION ( 'NONE',  ( 0.000000000000000000, 0.000000000000000000, 1.000000000000000000 ) ) ;
#1240 = ORIENTED_EDGE ( 'NONE', *, *, #798, .T. ) ;
#1241 = DIRECTION ( 'NONE',  ( 1.000000000000000000, 2.938735877055719422E-39, 0.000000000000000000 ) ) ;
#1242 = ORIENTED_EDGE ( 'NONE', *, *, #394, .F. ) ;
#1243 = CARTESIAN_POINT ( 'NONE',  ( 0.000000000000000000, -9.999999999999758415, -2.000000000000001776 ) ) ;
#1244 = CARTESIAN_POINT ( 'NONE',  ( -25.99999999999999645, 5.000000000000365041, -1.800000000000023803 ) ) ;
#1245 = FACE_OUTER_BOUND ( 'NONE', #320, .T. ) ;
#1246 = DIRECTION ( 'NONE',  ( -1.000000000000000000, 0.000000000000000000, 0.000000000000000000 ) ) ;
#1247 = DIRECTION ( 'NONE',  ( 2.938735877055718117E-39, -1.000000000000000000, 0.000000000000000000 ) ) ;
#1248 = CIRCLE ( 'NONE', #1335, 1.499999999999994449 ) ;
#1249 = ORIENTED_EDGE ( 'NONE', *, *, #521, .F. ) ;
#1250 = VECTOR ( 'NONE', #248, 1000.000000000000000 ) ;
#1251 = CARTESIAN_POINT ( 'NONE',  ( 1.000000000000028644, 16.50000000000034817, 2.220446049250313081E-13 ) ) ;
#1252 = EDGE_CURVE ( 'NONE', #1154, #759, #1358, .T. ) ;
#1253 = DIRECTION ( 'NONE',  ( 0.000000000000000000, 0.000000000000000000, -1.000000000000000000 ) ) ;
#1254 = ORIENTED_EDGE ( 'NONE', *, *, #848, .F. ) ;
#1255 = CARTESIAN_POINT ( 'NONE',  ( 19.99999999999998934, 12.50000000000023270, -2.000000000000001776 ) ) ;
#1256 = DIRECTION ( 'NONE',  ( -1.000000000000000000, 0.000000000000000000, 0.000000000000000000 ) ) ;
#1257 = VERTEX_POINT ( 'NONE', #471 ) ;
#1258 = AXIS2_PLACEMENT_3D ( 'NONE', #1086, #1308, #336 ) ;
#1259 = DIRECTION ( 'NONE',  ( -0.000000000000000000, -0.000000000000000000, -1.000000000000000000 ) ) ;
#1260 = DIRECTION ( 'NONE',  ( -0.7071067811865490160, -4.156000133564598687E-39, -0.7071067811865460184 ) ) ;
#1261 = CARTESIAN_POINT ( 'NONE',  ( -38.99999999999997868, 0.000000000000000000, 0.000000000000000000 ) ) ;
#1262 =( NAMED_UNIT ( * ) PLANE_ANGLE_UNIT ( ) SI_UNIT ( $, .RADIAN. ) );
#1263 = ORIENTED_EDGE ( 'NONE', *, *, #941, .T. ) ;
#1264 = CARTESIAN_POINT ( 'NONE',  ( 19.99999999999998934, 16.50000000000034817, 2.220446049250313081E-13 ) ) ;
#1265 = ORIENTED_EDGE ( 'NONE', *, *, #1309, .T. ) ;
#1266 = VECTOR ( 'NONE', #334, 1000.000000000000000 ) ;
#1267 = AXIS2_PLACEMENT_3D ( 'NONE', #810, #1009, #795 ) ;
#1268 = CARTESIAN_POINT ( 'NONE',  ( 3.500000000000000000, 4.286263797015736595E-16, 0.000000000000000000 ) ) ;
#1269 = CARTESIAN_POINT ( 'NONE',  ( -19.99999999999998934, 13.00000000000022027, -3.500000000000058620 ) ) ;
#1270 = ORIENTED_EDGE ( 'NONE', *, *, #49, .F. ) ;
#1271 = EDGE_CURVE ( 'NONE', #359, #87, #128, .T. ) ;
#1272 = CARTESIAN_POINT ( 'NONE',  ( 1.000000000000014655, 16.50000000000048672, -3.500000000000058620 ) ) ;
#1273 = ORIENTED_EDGE ( 'NONE', *, *, #212, .F. ) ;
#1274 = DIRECTION ( 'NONE',  ( 1.000000000000000000, 2.938735877055719422E-39, 0.000000000000000000 ) ) ;
#1275 = DIRECTION ( 'NONE',  ( -1.000000000000000000, 0.000000000000000000, 0.000000000000000000 ) ) ;
#1276 = PRODUCT_CONTEXT ( 'NONE', #197, 'mechanical' ) ;
#1277 = VERTEX_POINT ( 'NONE', #1334 ) ;
#1278 = AXIS2_PLACEMENT_3D ( 'NONE', #1349, #808, #1246 ) ;
#1279 =( LENGTH_UNIT ( ) NAMED_UNIT ( * ) SI_UNIT ( .MILLI., .METRE. ) );
#1280 = ORIENTED_EDGE ( 'NONE', *, *, #1344, .T. ) ;
#1281 = CIRCLE ( 'NONE', #116, 2.699999999999980194 ) ;
#1282 = AXIS2_PLACEMENT_3D ( 'NONE', #203, #1303, #1388 ) ;
#1283 = DIRECTION ( 'NONE',  ( 8.673617379884036705E-17, -1.000000000000000000, 0.000000000000000000 ) ) ;
#1284 = EDGE_CURVE ( 'NONE', #249, #1190, #674, .T. ) ;
#1285 = PLANE ( 'NONE',  #744 ) ;
#1286 = DIRECTION ( 'NONE',  ( 0.000000000000000000, 0.000000000000000000, 1.000000000000000000 ) ) ;
#1287 = EDGE_CURVE ( 'NONE', #1, #1277, #364, .T. ) ;
#1288 = DIRECTION ( 'NONE',  ( 0.000000000000000000, 0.000000000000000000, 1.000000000000000000 ) ) ;
#1289 = CIRCLE ( 'NONE', #1267, 1.499999999999997780 ) ;
#1290 = CONICAL_SURFACE ( 'NONE', #283, 1.400000000000012124, 0.7853981633974439491 ) ;
#1291 = EDGE_CURVE ( 'NONE', #658, #817, #690, .T. ) ;
#1292 = PRODUCT_RELATED_PRODUCT_CATEGORY ( 'part', '', ( #469 ) ) ;
#1293 = CARTESIAN_POINT ( 'NONE',  ( -35.00000000000000000, -14.99999999999998579, 3.330669073875469621E-13 ) ) ;
#1294 =( NAMED_UNIT ( * ) PLANE_ANGLE_UNIT ( ) SI_UNIT ( $, .RADIAN. ) );
#1295 = DIRECTION ( 'NONE',  ( 1.000000000000000000, 2.938735877055719422E-39, 0.000000000000000000 ) ) ;
#1296 = PRODUCT_CONTEXT ( 'NONE', #831, 'mechanical' ) ;
#1297 = LINE ( 'NONE', #119, #970 ) ;
#1298 = ORIENTED_EDGE ( 'NONE', *, *, #702, .T. ) ;
#1299 = DIRECTION ( 'NONE',  ( -2.938735877055718117E-39, 1.000000000000000000, 0.000000000000000000 ) ) ;
#1300 = AXIS2_PLACEMENT_3D ( 'NONE', #978, #641, #1001 ) ;
#1301 = EDGE_LOOP ( 'NONE', ( #168, #538, #1372, #1112 ) ) ;
#1302 = ORIENTED_EDGE ( 'NONE', *, *, #776, .T. ) ;
#1303 = DIRECTION ( 'NONE',  ( 0.000000000000000000, 0.000000000000000000, 1.000000000000000000 ) ) ;
#1304 = ORIENTED_EDGE ( 'NONE', *, *, #1123, .T. ) ;
#1305 = CYLINDRICAL_SURFACE ( 'NONE', #18, 2.499999999999995115 ) ;
#1306 =( NAMED_UNIT ( * ) SI_UNIT ( $, .STERADIAN. ) SOLID_ANGLE_UNIT ( ) );
#1307 = ORIENTED_EDGE ( 'NONE', *, *, #1071, .F. ) ;
#1308 = DIRECTION ( 'NONE',  ( 0.000000000000000000, 0.000000000000000000, -1.000000000000000000 ) ) ;
#1309 = EDGE_CURVE ( 'NONE', #1113, #457, #895, .T. ) ;
#1310 = EDGE_LOOP ( 'NONE', ( #10, #664, #513, #459 ) ) ;
#1311 = CARTESIAN_POINT ( 'NONE',  ( 19.99999999999998934, 16.50000000000048672, -3.500000000000058620 ) ) ;
#1312 = CARTESIAN_POINT ( 'NONE',  ( -39.99999999999997868, -14.99999999999976374, -2.000000000000112799 ) ) ;
#1313 = VECTOR ( 'NONE', #1241, 1000.000000000000000 ) ;
#1314 = DIRECTION ( 'NONE',  ( 0.000000000000000000, 0.000000000000000000, -1.000000000000000000 ) ) ;
#1315 = ORIENTED_EDGE ( 'NONE', *, *, #1014, .F. ) ;
#1316 = ORIENTED_EDGE ( 'NONE', *, *, #1129, .F. ) ;
#1317 = FACE_OUTER_BOUND ( 'NONE', #110, .T. ) ;
#1318 = DIRECTION ( 'NONE',  ( 1.000000000000000000, 2.938735877055719422E-39, 0.000000000000000000 ) ) ;
#1319 = AXIS2_PLACEMENT_3D ( 'NONE', #122, #1213, #232 ) ;
#1320 = ORIENTED_EDGE ( 'NONE', *, *, #757, .T. ) ;
#1321 = ORIENTED_EDGE ( 'NONE', *, *, #694, .T. ) ;
#1322 = VECTOR ( 'NONE', #85, 1000.000000000000000 ) ;
#1323 = ORIENTED_EDGE ( 'NONE', *, *, #688, .T. ) ;
#1324 = EDGE_CURVE ( 'NONE', #1257, #324, #228, .T. ) ;
#1325 = DIRECTION ( 'NONE',  ( 0.000000000000000000, 0.000000000000000000, -1.000000000000000000 ) ) ;
#1326 = ADVANCED_BREP_SHAPE_REPRESENTATION ( '', ( #1028, #432 ), #38 ) ;
#1327 = DIRECTION ( 'NONE',  ( -1.000000000000000000, -2.938735877055719422E-39, -0.000000000000000000 ) ) ;
#1328 = CARTESIAN_POINT ( 'NONE',  ( -18.99999999999998934, 12.50000000000051159, 0.0009999999999177333621 ) ) ;
#1329 = CARTESIAN_POINT ( 'NONE',  ( -3.500000000000000000, 0.000000000000000000, 1.000000000000000888 ) ) ;
#1330 = ORIENTED_EDGE ( 'NONE', *, *, #23, .T. ) ;
#1331 = EDGE_CURVE ( 'NONE', #87, #505, #1008, .T. ) ;
#1332 = ORIENTED_EDGE ( 'NONE', *, *, #1071, .T. ) ;
#1333 = CARTESIAN_POINT ( 'NONE',  ( 23.30000000000002203, 5.000000000000365041, -2.000000000000001776 ) ) ;
#1334 = CARTESIAN_POINT ( 'NONE',  ( -38.99999999999997868, 16.50000000000034817, 2.220446049250313081E-13 ) ) ;
#1335 = AXIS2_PLACEMENT_3D ( 'NONE', #399, #729, #93 ) ;
#1336 = CARTESIAN_POINT ( 'NONE',  ( -40.00000000000000711, 12.74670786120460342, 0.0009999999998067110596 ) ) ;
#1337 = CIRCLE ( 'NONE', #761, 1.499999999999997780 ) ;
#1338 = ORIENTED_EDGE ( 'NONE', *, *, #204, .F. ) ;
#1339 = CARTESIAN_POINT ( 'NONE',  ( -3.500000000000000000, 0.000000000000000000, 1.000000000000000888 ) ) ;
#1340 = DIRECTION ( 'NONE',  ( -1.000000000000000000, 0.000000000000000000, 0.000000000000000000 ) ) ;
#1341 = ORIENTED_EDGE ( 'NONE', *, *, #195, .T. ) ;
#1342 = DIRECTION ( 'NONE',  ( -1.000000000000000000, 0.000000000000000000, 0.000000000000000000 ) ) ;
#1343 = ORIENTED_EDGE ( 'NONE', *, *, #308, .T. ) ;
#1344 = EDGE_CURVE ( 'NONE', #1, #631, #1337, .T. ) ;
#1345 = LINE ( 'NONE', #1020, #311 ) ;
#1346 = VECTOR ( 'NONE', #1274, 1000.000000000000000 ) ;
#1347 = CYLINDRICAL_SURFACE ( 'NONE', #460, 2.499999999999995115 ) ;
#1348 = EDGE_CURVE ( 'NONE', #896, #829, #879, .T. ) ;
#1349 = CARTESIAN_POINT ( 'NONE',  ( -4.440892098500626162E-13, 0.000000000000000000, 79.00000000000001421 ) ) ;
#1350 = DIRECTION ( 'NONE',  ( -1.000000000000000000, 0.000000000000000000, 0.000000000000000000 ) ) ;
#1351 = ORIENTED_EDGE ( 'NONE', *, *, #1185, .T. ) ;
#1352 = EDGE_CURVE ( 'NONE', #916, #1190, #555, .T. ) ;
#1353 = CARTESIAN_POINT ( 'NONE',  ( 1.399999999999568034, 1.714505518806308936E-16, 79.00000000000001421 ) ) ;
#1354 = CARTESIAN_POINT ( 'NONE',  ( -112.0928773773933784, -37.80661442492666424, 1003.500000000007162 ) ) ;
#1355 = LINE ( 'NONE', #256, #968 ) ;
#1356 = VECTOR ( 'NONE', #423, 1000.000000000000000 ) ;
#1357 = ORIENTED_EDGE ( 'NONE', *, *, #1170, .T. ) ;
#1358 = CIRCLE ( 'NONE', #199, 2.499999999999995115 ) ;
#1359 = LINE ( 'NONE', #78, #176 ) ;
#1360 = LINE ( 'NONE', #236, #292 ) ;
#1361 = ORIENTED_EDGE ( 'NONE', *, *, #556, .T. ) ;
#1362 = PLANE ( 'NONE',  #1156 ) ;
#1363 = DIRECTION ( 'NONE',  ( 1.000000000000000000, 0.000000000000000000, 0.000000000000000000 ) ) ;
#1364 = VECTOR ( 'NONE', #53, 1000.000000000000000 ) ;
#1365 = DIRECTION ( 'NONE',  ( 1.000000000000000000, 5.877471754111437540E-39, 0.000000000000000000 ) ) ;
#1366 = ORIENTED_EDGE ( 'NONE', *, *, #1165, .T. ) ;
#1367 = ADVANCED_FACE ( 'NONE', ( #1317 ), #1128, .F. ) ;
#1368 = DIRECTION ( 'NONE',  ( 0.000000000000000000, 0.000000000000000000, -1.000000000000000000 ) ) ;
#1369 = CARTESIAN_POINT ( 'NONE',  ( 2.699999999999972200, -9.999999999999994671, -2.000000000000001776 ) ) ;
#1370 = EDGE_CURVE ( 'NONE', #87, #359, #666, .T. ) ;
#1371 = DIRECTION ( 'NONE',  ( 0.000000000000000000, 0.000000000000000000, -1.000000000000000000 ) ) ;
#1372 = ORIENTED_EDGE ( 'NONE', *, *, #408, .T. ) ;
#1373 = AXIS2_PLACEMENT_3D ( 'NONE', #512, #275, #1160 ) ;
#1374 = FILL_AREA_STYLE ('',( #934 ) ) ;
#1375 = EDGE_LOOP ( 'NONE', ( #280, #1096, #265, #30 ) ) ;
#1376 = AXIS2_PLACEMENT_3D ( 'NONE', #1013, #911, #1210 ) ;
#1377 = DIRECTION ( 'NONE',  ( -4.625929269271503466E-15, 0.000000000000000000, 1.000000000000000000 ) ) ;
#1378 = FACE_OUTER_BOUND ( 'NONE', #969, .T. ) ;
#1379 = DIRECTION ( 'NONE',  ( 1.752291558209512934E-22, 0.1310825816058680537, 0.9913714524836495512 ) ) ;
#1380 = VERTEX_POINT ( 'NONE', #1021 ) ;
#1381 = DIRECTION ( 'NONE',  ( 0.000000000000000000, 0.000000000000000000, -1.000000000000000000 ) ) ;
#1382 = FACE_OUTER_BOUND ( 'NONE', #621, .T. ) ;
#1383 = CONTEXT_DEPENDENT_SHAPE_REPRESENTATION ( #977, #497 ) ;
#1384 = VECTOR ( 'NONE', #814, 1000.000000000000000 ) ;
#1385 = SURFACE_STYLE_FILL_AREA ( #1374 ) ;
#1386 = AXIS2_PLACEMENT_3D ( 'NONE', #1152, #944, #388 ) ;
#1387 = VECTOR ( 'NONE', #323, 1000.000000000000000 ) ;
#1388 = DIRECTION ( 'NONE',  ( 1.000000000000000000, 0.000000000000000000, 0.000000000000000000 ) ) ;
#1389 = ADVANCED_FACE ( 'NONE', ( #40 ), #1347, .F. ) ;
#1390 = ITEM_DEFINED_TRANSFORMATION ( 'NONE', 'NONE', #1218,  #432 ) ;
#1391 = CARTESIAN_POINT ( 'NONE',  ( 25.99999999999999645, 5.000000000000060396, -2.000000000000001776 ) ) ;
#1392 = DIRECTION ( 'NONE',  ( -1.000000000000000000, 0.000000000000000000, 0.000000000000000000 ) ) ;
#1393 = AXIS2_PLACEMENT_3D ( 'NONE', #777, #145, #572 ) ;
#1394 = DIRECTION ( 'NONE',  ( 0.000000000000000000, 0.000000000000000000, -1.000000000000000000 ) ) ;
#1395 = VECTOR ( 'NONE', #494, 1000.000000000000000 ) ;
#1396 = APPLICATION_PROTOCOL_DEFINITION ( 'draft international standard', 'automotive_design', 1998, #613 ) ;
#1397 = AXIS2_PLACEMENT_3D ( 'NONE', #312, #653, #1186 ) ;
#1398 = FACE_OUTER_BOUND ( 'NONE', #111, .T. ) ;
#1399 = NEXT_ASSEMBLY_USAGE_OCCURRENCE ( 'NAUO1', ' ', ' ', #740, #1124, $ ) ;
#1400 = NEXT_ASSEMBLY_USAGE_OCCURRENCE ( 'NAUO2', ' ', ' ', #740, #456, $ ) ;
#1401 = NEXT_ASSEMBLY_USAGE_OCCURRENCE ( 'NAUO3', ' ', ' ', #740, #1124, $ ) ;
ENDSEC;
END-ISO-10303-21;
